user_id,track_id,rating,timestamp,interaction_type
U0001,T0117,4,2024-11-14 15:16:07,complete_listen
U0001,T0117,5,2025-03-05 15:16:07,stream
U0001,T0144,5,2025-02-07 15:16:07,share
U0001,T0186,4,2024-10-17 15:16:07,complete_listen
U0001,T0066,3,2024-10-12 15:16:07,download
U0001,T0149,3,2024-10-30 15:16:07,stream
U0001,T0109,2,2025-01-08 15:16:07,like
U0001,T0139,5,2024-10-27 15:16:07,like
U0001,T0240,4,2025-02-09 15:16:07,stream
U0001,T0074,5,2025-01-24 15:16:07,add_to_playlist
U0002,T0197,1,2025-03-25 15:16:07,complete_listen
U0002,T0096,5,2025-01-17 15:16:07,review
U0002,T0223,5,2025-01-16 15:16:07,complete_listen
U0002,T0021,3,2025-04-04 15:16:07,add_to_playlist
U0002,T0168,3,2025-01-09 15:16:07,like
U0002,T0046,3,2025-02-26 15:16:07,complete_listen
U0002,T0136,3,2024-11-13 15:16:07,download
U0002,T0214,4,2024-10-12 15:16:07,stream
U0002,T0077,4,2025-02-07 15:16:07,complete_listen
U0002,T0137,3,2025-01-17 15:16:07,download
U0002,T0064,4,2025-02-06 15:16:07,skip
U0002,T0040,2,2024-12-21 15:16:07,download
U0003,T0009,3,2025-03-30 15:16:07,complete_listen
U0003,T0158,4,2024-10-16 15:16:07,download
U0003,T0053,4,2024-10-29 15:16:07,like
U0003,T0153,5,2024-10-20 15:16:07,review
U0003,T0154,3,2025-04-02 15:16:07,stream
U0003,T0063,4,2024-10-23 15:16:07,complete_listen
U0003,T0113,4,2024-12-10 15:16:07,download
U0003,T0194,1,2024-10-26 15:16:07,add_to_playlist
U0003,T0129,4,2024-12-25 15:16:07,download
U0003,T0209,3,2025-03-08 15:16:07,skip
U0003,T0148,2,2025-03-14 15:16:07,skip
U0004,T0078,5,2024-11-17 15:16:07,download
U0004,T0106,5,2024-12-27 15:16:07,share
U0004,T0016,5,2025-03-03 15:16:07,add_to_playlist
U0004,T0161,3,2025-04-03 15:16:07,complete_listen
U0004,T0143,2,2025-02-15 15:16:07,stream
U0004,T0249,5,2025-01-08 15:16:07,complete_listen
U0004,T0202,4,2025-02-23 15:16:07,skip
U0004,T0179,2,2025-01-26 15:16:07,complete_listen
U0004,T0039,4,2024-12-27 15:16:07,complete_listen
U0004,T0048,1,2025-02-26 15:16:07,review
U0004,T0062,5,2024-12-08 15:16:07,share
U0004,T0220,3,2024-11-17 15:16:07,review
U0004,T0235,5,2024-10-26 15:16:07,complete_listen
U0005,T0143,3,2025-02-24 15:16:07,add_to_playlist
U0005,T0100,4,2024-12-13 15:16:07,share
U0005,T0053,4,2025-01-04 15:16:07,like
U0005,T0237,3,2025-02-04 15:16:07,skip
U0005,T0024,5,2025-02-26 15:16:07,download
U0005,T0014,5,2024-12-19 15:16:07,complete_listen
U0005,T0173,5,2025-03-15 15:16:07,stream
U0005,T0224,5,2024-10-30 15:16:07,download
U0005,T0206,4,2025-03-11 15:16:07,download
U0005,T0123,5,2024-12-04 15:16:07,skip
U0005,T0078,2,2024-10-15 15:16:07,download
U0005,T0240,3,2024-11-29 15:16:07,like
U0005,T0192,1,2025-02-11 15:16:07,download
U0005,T0179,3,2025-03-15 15:16:07,download
U0005,T0102,4,2024-12-12 15:16:07,skip
U0005,T0199,3,2024-12-23 15:16:07,complete_listen
U0006,T0137,5,2025-03-27 15:16:07,skip
U0006,T0079,4,2024-12-17 15:16:07,skip
U0006,T0132,3,2025-02-16 15:16:07,review
U0006,T0026,4,2025-02-09 15:16:07,skip
U0006,T0235,2,2024-12-03 15:16:07,skip
U0006,T0081,5,2025-01-25 15:16:07,stream
U0006,T0145,2,2024-12-07 15:16:07,add_to_playlist
U0006,T0005,5,2024-12-17 15:16:07,complete_listen
U0006,T0076,5,2024-11-20 15:16:07,download
U0006,T0085,3,2024-12-09 15:16:07,complete_listen
U0006,T0146,1,2024-12-13 15:16:07,review
U0006,T0141,5,2025-03-28 15:16:07,skip
U0006,T0066,5,2025-02-14 15:16:07,review
U0006,T0118,5,2024-11-24 15:16:07,skip
U0006,T0044,5,2024-11-16 15:16:07,review
U0006,T0048,2,2025-02-27 15:16:07,stream
U0006,T0135,4,2024-10-20 15:16:07,like
U0007,T0013,2,2024-10-13 15:16:07,complete_listen
U0007,T0036,5,2025-03-22 15:16:07,download
U0007,T0018,4,2024-11-19 15:16:07,stream
U0007,T0056,3,2025-02-18 15:16:07,review
U0007,T0096,2,2024-10-27 15:16:07,review
U0007,T0169,3,2025-02-13 15:16:07,stream
U0007,T0002,3,2025-02-25 15:16:07,complete_listen
U0007,T0004,5,2024-10-16 15:16:07,share
U0007,T0138,4,2024-12-24 15:16:07,stream
U0007,T0129,5,2025-04-08 15:16:07,complete_listen
U0007,T0207,4,2024-11-26 15:16:07,like
U0007,T0236,2,2024-11-05 15:16:07,add_to_playlist
U0007,T0062,5,2024-11-30 15:16:07,share
U0007,T0209,5,2025-01-10 15:16:07,share
U0007,T0204,4,2025-01-21 15:16:07,like
U0007,T0096,5,2025-01-23 15:16:07,review
U0007,T0145,4,2024-12-13 15:16:07,download
U0007,T0077,4,2025-04-05 15:16:07,like
U0007,T0168,4,2025-03-27 15:16:07,stream
U0007,T0024,1,2025-01-23 15:16:07,complete_listen
U0008,T0142,2,2025-02-10 15:16:07,stream
U0008,T0164,1,2024-10-14 15:16:07,add_to_playlist
U0008,T0022,4,2025-02-16 15:16:07,complete_listen
U0008,T0166,3,2025-01-04 15:16:07,like
U0008,T0230,4,2025-02-24 15:16:07,stream
U0008,T0059,5,2024-12-05 15:16:07,review
U0008,T0070,3,2024-10-23 15:16:07,like
U0008,T0176,4,2024-12-22 15:16:07,stream
U0008,T0046,5,2024-12-31 15:16:07,stream
U0008,T0247,3,2024-12-04 15:16:07,add_to_playlist
U0008,T0193,2,2025-01-21 15:16:07,like
U0008,T0077,3,2024-11-22 15:16:07,download
U0008,T0146,3,2025-01-19 15:16:07,skip
U0008,T0099,5,2024-11-16 15:16:07,like
U0008,T0129,5,2025-01-08 15:16:07,stream
U0008,T0026,4,2025-01-31 15:16:07,download
U0009,T0088,5,2025-03-15 15:16:07,complete_listen
U0009,T0249,5,2025-01-03 15:16:07,stream
U0009,T0163,3,2024-12-20 15:16:07,review
U0009,T0126,5,2024-12-09 15:16:07,skip
U0009,T0142,4,2025-01-16 15:16:07,complete_listen
U0009,T0048,5,2025-04-04 15:16:07,complete_listen
U0009,T0022,5,2025-03-19 15:16:07,share
U0009,T0205,3,2024-12-14 15:16:07,like
U0009,T0022,2,2024-12-19 15:16:07,add_to_playlist
U0009,T0098,3,2025-03-23 15:16:07,add_to_playlist
U0009,T0190,4,2025-01-19 15:16:07,skip
U0010,T0028,5,2024-11-04 15:16:07,stream
U0010,T0242,5,2024-12-29 15:16:07,review
U0010,T0093,1,2024-12-20 15:16:07,like
U0010,T0034,4,2024-11-03 15:16:07,add_to_playlist
U0010,T0111,4,2025-02-03 15:16:07,complete_listen
U0010,T0027,3,2024-10-18 15:16:07,like
U0010,T0091,2,2025-03-02 15:16:07,like
U0010,T0153,3,2025-03-14 15:16:07,skip
U0010,T0222,5,2025-01-18 15:16:07,stream
U0010,T0075,3,2025-01-25 15:16:07,complete_listen
U0010,T0200,4,2024-11-02 15:16:07,download
U0010,T0147,5,2025-02-22 15:16:07,add_to_playlist
U0010,T0176,4,2025-01-17 15:16:07,add_to_playlist
U0010,T0036,5,2024-12-19 15:16:07,share
U0010,T0069,5,2025-02-15 15:16:07,add_to_playlist
U0011,T0043,3,2025-01-31 15:16:07,share
U0011,T0108,4,2024-12-27 15:16:07,review
U0011,T0201,3,2024-10-31 15:16:07,skip
U0011,T0065,3,2024-12-14 15:16:07,review
U0011,T0153,1,2025-03-18 15:16:07,download
U0011,T0118,4,2024-11-08 15:16:07,add_to_playlist
U0011,T0078,4,2024-10-13 15:16:07,complete_listen
U0011,T0086,2,2025-03-19 15:16:07,complete_listen
U0011,T0206,3,2025-01-04 15:16:07,review
U0011,T0086,5,2025-01-30 15:16:07,add_to_playlist
U0011,T0077,3,2025-01-02 15:16:07,download
U0012,T0081,2,2024-11-26 15:16:07,complete_listen
U0012,T0248,4,2025-01-01 15:16:07,share
U0012,T0189,5,2025-04-07 15:16:07,review
U0012,T0248,3,2025-03-08 15:16:07,download
U0012,T0084,5,2025-01-16 15:16:07,share
U0012,T0210,5,2025-01-20 15:16:07,skip
U0012,T0030,3,2025-03-05 15:16:07,download
U0012,T0152,5,2025-02-28 15:16:07,add_to_playlist
U0012,T0175,4,2025-03-01 15:16:07,stream
U0012,T0244,4,2025-02-07 15:16:07,download
U0012,T0113,4,2024-12-25 15:16:07,like
U0012,T0210,4,2025-01-24 15:16:07,review
U0012,T0036,2,2025-03-23 15:16:07,share
U0012,T0062,5,2024-12-15 15:16:07,add_to_playlist
U0012,T0184,3,2025-01-28 15:16:07,complete_listen
U0012,T0019,3,2025-02-03 15:16:07,review
U0012,T0150,1,2025-01-22 15:16:07,complete_listen
U0013,T0010,4,2025-01-12 15:16:07,like
U0013,T0028,5,2024-12-14 15:16:07,skip
U0013,T0043,1,2025-03-26 15:16:07,stream
U0013,T0145,4,2025-03-26 15:16:07,complete_listen
U0013,T0248,3,2025-01-04 15:16:07,complete_listen
U0013,T0028,4,2024-10-14 15:16:07,like
U0013,T0067,3,2024-12-07 15:16:07,download
U0013,T0115,5,2025-01-15 15:16:07,complete_listen
U0013,T0119,4,2025-04-03 15:16:07,add_to_playlist
U0013,T0089,5,2024-10-18 15:16:07,review
U0013,T0027,2,2024-12-26 15:16:07,complete_listen
U0013,T0236,3,2024-11-02 15:16:07,like
U0013,T0213,2,2024-11-17 15:16:07,skip
U0013,T0080,5,2025-01-07 15:16:07,review
U0013,T0201,5,2024-12-03 15:16:07,review
U0013,T0090,3,2025-02-10 15:16:07,like
U0013,T0113,5,2025-04-08 15:16:07,review
U0013,T0082,5,2024-10-29 15:16:07,share
U0014,T0208,4,2024-11-10 15:16:07,stream
U0014,T0218,4,2025-01-07 15:16:07,like
U0014,T0174,3,2024-11-23 15:16:07,download
U0014,T0133,2,2024-11-25 15:16:07,add_to_playlist
U0014,T0085,5,2025-03-04 15:16:07,complete_listen
U0014,T0246,5,2025-02-07 15:16:07,download
U0014,T0205,4,2025-01-23 15:16:07,add_to_playlist
U0014,T0048,3,2025-03-24 15:16:07,complete_listen
U0014,T0102,3,2024-10-19 15:16:07,download
U0014,T0116,5,2025-03-12 15:16:07,complete_listen
U0015,T0002,5,2025-04-10 15:16:07,download
U0015,T0053,5,2024-12-22 15:16:07,like
U0015,T0148,5,2024-11-07 15:16:07,add_to_playlist
U0015,T0094,4,2025-01-03 15:16:07,download
U0015,T0118,2,2024-11-10 15:16:07,share
U0015,T0172,3,2025-02-14 15:16:07,skip
U0015,T0153,5,2025-01-19 15:16:07,complete_listen
U0015,T0151,4,2024-11-10 15:16:07,skip
U0015,T0091,1,2025-02-06 15:16:07,add_to_playlist
U0015,T0209,2,2025-04-02 15:16:07,share
U0015,T0236,5,2025-03-18 15:16:07,like
U0015,T0173,1,2024-11-15 15:16:07,skip
U0015,T0031,3,2024-12-12 15:16:07,share
U0015,T0030,4,2024-11-27 15:16:07,skip
U0015,T0178,5,2024-11-17 15:16:07,complete_listen
U0015,T0108,5,2025-03-13 15:16:07,add_to_playlist
U0016,T0099,3,2025-01-28 15:16:07,add_to_playlist
U0016,T0125,5,2025-03-23 15:16:07,add_to_playlist
U0016,T0143,3,2024-11-23 15:16:07,review
U0016,T0074,3,2024-11-16 15:16:07,add_to_playlist
U0016,T0081,5,2025-02-04 15:16:07,stream
U0016,T0222,4,2025-01-11 15:16:07,stream
U0016,T0125,5,2024-11-15 15:16:07,download
U0016,T0209,5,2025-01-18 15:16:07,review
U0016,T0105,4,2025-04-05 15:16:07,review
U0016,T0107,2,2025-02-02 15:16:07,review
U0016,T0043,4,2024-11-02 15:16:07,stream
U0016,T0204,3,2024-12-07 15:16:07,share
U0016,T0009,3,2024-12-21 15:16:07,download
U0016,T0138,5,2024-12-24 15:16:07,add_to_playlist
U0016,T0200,4,2025-02-06 15:16:07,review
U0016,T0141,5,2025-02-19 15:16:07,like
U0016,T0147,4,2024-11-10 15:16:07,share
U0016,T0199,5,2025-02-28 15:16:07,skip
U0016,T0139,4,2024-10-22 15:16:07,review
U0017,T0056,4,2025-01-28 15:16:07,like
U0017,T0189,4,2025-03-28 15:16:07,download
U0017,T0077,3,2024-10-20 15:16:07,review
U0017,T0068,5,2025-01-09 15:16:07,like
U0017,T0113,3,2024-11-11 15:16:07,download
U0017,T0054,1,2025-03-11 15:16:07,skip
U0017,T0221,4,2025-03-17 15:16:07,complete_listen
U0017,T0043,3,2025-03-18 15:16:07,add_to_playlist
U0017,T0201,5,2024-12-03 15:16:07,download
U0017,T0207,5,2024-10-27 15:16:07,skip
U0017,T0137,5,2024-12-22 15:16:07,add_to_playlist
U0017,T0083,4,2025-04-10 15:16:07,share
U0017,T0075,1,2025-03-07 15:16:07,share
U0017,T0244,5,2025-02-20 15:16:07,like
U0017,T0035,4,2025-01-25 15:16:07,stream
U0017,T0071,5,2025-03-28 15:16:07,add_to_playlist
U0017,T0180,5,2024-11-14 15:16:07,download
U0017,T0038,5,2025-01-02 15:16:07,download
U0018,T0101,3,2025-02-14 15:16:07,add_to_playlist
U0018,T0148,4,2025-03-22 15:16:07,share
U0018,T0161,5,2025-01-26 15:16:07,complete_listen
U0018,T0116,3,2024-10-31 15:16:07,like
U0018,T0104,3,2025-02-20 15:16:07,share
U0018,T0178,4,2025-01-14 15:16:07,review
U0018,T0244,5,2025-02-13 15:16:07,skip
U0018,T0149,5,2024-10-12 15:16:07,like
U0018,T0188,4,2025-02-06 15:16:07,skip
U0018,T0218,2,2024-10-28 15:16:07,complete_listen
U0018,T0056,4,2025-01-29 15:16:07,download
U0018,T0127,5,2024-12-19 15:16:07,skip
U0018,T0213,2,2024-12-23 15:16:07,skip
U0018,T0141,4,2025-03-08 15:16:07,add_to_playlist
U0018,T0145,5,2025-02-13 15:16:07,skip
U0018,T0229,5,2025-04-04 15:16:07,stream
U0018,T0012,5,2024-11-06 15:16:07,review
U0018,T0005,5,2024-11-12 15:16:07,add_to_playlist
U0018,T0113,4,2025-02-05 15:16:07,stream
U0018,T0246,3,2025-01-29 15:16:07,download
U0019,T0226,5,2025-03-27 15:16:07,share
U0019,T0041,5,2024-12-21 15:16:07,like
U0019,T0168,5,2025-01-12 15:16:07,share
U0019,T0022,5,2025-01-15 15:16:07,add_to_playlist
U0019,T0014,4,2025-01-21 15:16:07,share
U0019,T0186,4,2025-04-09 15:16:07,download
U0019,T0110,5,2025-03-28 15:16:07,like
U0019,T0181,4,2024-11-05 15:16:07,stream
U0019,T0055,5,2025-02-11 15:16:07,like
U0019,T0034,5,2025-03-12 15:16:07,download
U0019,T0133,5,2025-04-04 15:16:07,review
U0019,T0003,3,2024-10-14 15:16:07,skip
U0020,T0221,4,2025-01-28 15:16:07,add_to_playlist
U0020,T0123,2,2024-10-30 15:16:07,download
U0020,T0099,4,2024-11-03 15:16:07,like
U0020,T0027,1,2024-12-31 15:16:07,skip
U0020,T0226,4,2024-12-27 15:16:07,add_to_playlist
U0020,T0098,4,2024-11-15 15:16:07,add_to_playlist
U0020,T0018,3,2025-02-24 15:16:07,stream
U0020,T0157,4,2025-03-27 15:16:07,add_to_playlist
U0020,T0113,1,2025-01-09 15:16:07,download
U0020,T0161,1,2024-11-19 15:16:07,complete_listen
U0020,T0158,5,2025-04-05 15:16:07,review
U0021,T0023,4,2024-11-06 15:16:07,add_to_playlist
U0021,T0193,2,2024-11-12 15:16:07,complete_listen
U0021,T0090,4,2025-01-29 15:16:07,skip
U0021,T0203,5,2024-11-16 15:16:07,download
U0021,T0071,3,2025-03-26 15:16:07,like
U0021,T0064,4,2025-03-02 15:16:07,share
U0021,T0200,2,2025-04-06 15:16:07,stream
U0021,T0218,2,2025-03-29 15:16:07,share
U0021,T0053,4,2025-02-21 15:16:07,download
U0021,T0192,4,2025-01-20 15:16:07,share
U0021,T0166,4,2024-10-25 15:16:07,download
U0021,T0127,5,2025-01-18 15:16:07,like
U0021,T0062,5,2025-02-16 15:16:07,like
U0022,T0228,4,2024-10-15 15:16:07,skip
U0022,T0240,3,2025-01-01 15:16:07,add_to_playlist
U0022,T0100,5,2025-03-06 15:16:07,complete_listen
U0022,T0094,3,2025-02-28 15:16:07,add_to_playlist
U0022,T0196,4,2025-02-09 15:16:07,like
U0022,T0005,2,2025-03-11 15:16:07,like
U0022,T0004,1,2024-12-18 15:16:07,download
U0022,T0011,5,2024-10-27 15:16:07,complete_listen
U0022,T0130,5,2024-12-24 15:16:07,complete_listen
U0022,T0109,5,2025-04-09 15:16:07,complete_listen
U0022,T0022,4,2025-03-24 15:16:07,add_to_playlist
U0022,T0072,3,2024-11-02 15:16:07,share
U0022,T0021,3,2025-02-19 15:16:07,download
U0022,T0207,3,2024-11-20 15:16:07,skip
U0022,T0101,4,2025-03-11 15:16:07,like
U0022,T0080,5,2025-04-08 15:16:07,complete_listen
U0022,T0187,5,2024-12-12 15:16:07,stream
U0022,T0063,3,2024-11-03 15:16:07,complete_listen
U0023,T0117,5,2025-03-17 15:16:07,stream
U0023,T0080,5,2025-03-31 15:16:07,add_to_playlist
U0023,T0031,4,2024-10-15 15:16:07,add_to_playlist
U0023,T0180,4,2024-10-14 15:16:07,add_to_playlist
U0023,T0128,4,2025-01-08 15:16:07,share
U0023,T0043,3,2025-01-15 15:16:07,add_to_playlist
U0023,T0192,4,2024-12-19 15:16:07,like
U0023,T0198,5,2024-10-19 15:16:07,skip
U0023,T0207,1,2025-01-29 15:16:07,share
U0023,T0135,2,2024-10-28 15:16:07,share
U0023,T0183,1,2025-03-08 15:16:07,like
U0024,T0117,1,2025-02-19 15:16:07,skip
U0024,T0015,5,2025-02-16 15:16:07,add_to_playlist
U0024,T0095,5,2024-11-21 15:16:07,share
U0024,T0198,4,2024-11-07 15:16:07,like
U0024,T0059,2,2025-02-19 15:16:07,stream
U0024,T0012,4,2024-10-15 15:16:07,download
U0024,T0012,4,2025-02-09 15:16:07,skip
U0024,T0099,3,2024-11-19 15:16:07,add_to_playlist
U0024,T0239,4,2024-10-21 15:16:07,complete_listen
U0024,T0058,4,2025-01-02 15:16:07,download
U0024,T0107,4,2025-01-01 15:16:07,share
U0024,T0212,4,2024-10-31 15:16:07,skip
U0024,T0031,1,2025-02-17 15:16:07,stream
U0024,T0046,4,2024-12-08 15:16:07,stream
U0024,T0245,4,2025-01-22 15:16:07,like
U0024,T0225,4,2025-02-08 15:16:07,share
U0024,T0199,5,2024-12-30 15:16:07,skip
U0025,T0142,5,2025-02-05 15:16:07,stream
U0025,T0095,3,2024-12-02 15:16:07,share
U0025,T0145,2,2024-12-28 15:16:07,download
U0025,T0119,4,2025-01-14 15:16:07,review
U0025,T0198,1,2024-12-01 15:16:07,download
U0025,T0039,4,2024-10-13 15:16:07,complete_listen
U0025,T0007,5,2024-12-10 15:16:07,skip
U0025,T0163,4,2025-04-07 15:16:07,stream
U0025,T0244,4,2025-01-05 15:16:07,stream
U0025,T0195,4,2025-03-29 15:16:07,complete_listen
U0025,T0218,4,2024-12-29 15:16:07,like
U0026,T0136,4,2024-12-11 15:16:07,complete_listen
U0026,T0126,5,2024-10-27 15:16:07,add_to_playlist
U0026,T0183,4,2024-12-22 15:16:07,like
U0026,T0012,5,2024-12-10 15:16:07,complete_listen
U0026,T0180,5,2025-01-15 15:16:07,review
U0026,T0192,3,2024-11-02 15:16:07,like
U0026,T0130,2,2024-11-15 15:16:07,complete_listen
U0026,T0020,2,2025-03-12 15:16:07,stream
U0026,T0112,1,2025-03-30 15:16:07,add_to_playlist
U0026,T0061,2,2024-12-25 15:16:07,share
U0026,T0218,5,2024-12-31 15:16:07,complete_listen
U0026,T0180,2,2025-01-03 15:16:07,skip
U0026,T0116,3,2024-12-20 15:16:07,download
U0027,T0242,5,2024-12-02 15:16:07,add_to_playlist
U0027,T0200,1,2025-03-10 15:16:07,like
U0027,T0040,5,2024-11-08 15:16:07,add_to_playlist
U0027,T0116,3,2025-02-08 15:16:07,skip
U0027,T0105,2,2024-11-11 15:16:07,skip
U0027,T0247,5,2024-12-04 15:16:07,review
U0027,T0079,4,2025-02-07 15:16:07,share
U0027,T0219,5,2024-11-11 15:16:07,like
U0027,T0041,5,2025-04-05 15:16:07,share
U0027,T0212,5,2025-04-10 15:16:07,stream
U0027,T0056,3,2025-01-03 15:16:07,add_to_playlist
U0028,T0183,3,2024-12-14 15:16:07,skip
U0028,T0102,5,2025-02-20 15:16:07,stream
U0028,T0174,5,2024-12-27 15:16:07,share
U0028,T0210,5,2024-11-25 15:16:07,stream
U0028,T0244,4,2025-01-23 15:16:07,review
U0028,T0143,4,2025-03-01 15:16:07,download
U0028,T0025,5,2025-02-07 15:16:07,like
U0028,T0206,3,2024-11-16 15:16:07,like
U0028,T0004,5,2024-10-27 15:16:07,download
U0028,T0034,5,2024-12-01 15:16:07,complete_listen
U0028,T0096,4,2025-04-05 15:16:07,like
U0029,T0151,5,2024-12-17 15:16:07,like
U0029,T0006,5,2024-10-28 15:16:07,download
U0029,T0232,2,2025-03-26 15:16:07,review
U0029,T0208,5,2024-11-13 15:16:07,like
U0029,T0232,4,2025-01-04 15:16:07,like
U0029,T0011,5,2025-02-07 15:16:07,stream
U0029,T0044,3,2025-03-07 15:16:07,complete_listen
U0029,T0211,5,2025-01-21 15:16:07,review
U0029,T0008,4,2025-01-17 15:16:07,complete_listen
U0029,T0045,1,2025-01-10 15:16:07,download
U0029,T0233,5,2024-11-28 15:16:07,share
U0029,T0072,2,2025-02-03 15:16:07,add_to_playlist
U0029,T0009,3,2025-03-18 15:16:07,download
U0029,T0166,5,2024-12-26 15:16:07,review
U0029,T0106,5,2025-03-01 15:16:07,review
U0029,T0016,4,2024-11-03 15:16:07,share
U0029,T0099,4,2024-11-16 15:16:07,complete_listen
U0029,T0052,4,2025-03-25 15:16:07,download
U0029,T0162,3,2025-02-28 15:16:07,stream
U0030,T0201,3,2025-01-11 15:16:07,review
U0030,T0140,5,2025-02-13 15:16:07,skip
U0030,T0234,5,2025-03-05 15:16:07,skip
U0030,T0100,5,2024-12-20 15:16:07,add_to_playlist
U0030,T0007,5,2025-01-01 15:16:07,download
U0030,T0008,2,2024-12-22 15:16:07,stream
U0030,T0208,4,2025-02-09 15:16:07,skip
U0030,T0197,2,2025-03-10 15:16:07,download
U0030,T0041,4,2024-11-06 15:16:07,download
U0030,T0169,4,2024-12-12 15:16:07,share
U0030,T0137,5,2024-10-26 15:16:07,download
U0030,T0148,4,2025-01-19 15:16:07,skip
U0030,T0240,2,2024-11-25 15:16:07,add_to_playlist
U0030,T0061,2,2025-03-12 15:16:07,skip
U0030,T0207,5,2025-04-08 15:16:07,skip
U0030,T0234,4,2025-03-12 15:16:07,stream
U0031,T0243,2,2025-03-06 15:16:07,add_to_playlist
U0031,T0145,2,2024-11-29 15:16:07,review
U0031,T0139,5,2024-12-30 15:16:07,add_to_playlist
U0031,T0126,2,2024-10-21 15:16:07,like
U0031,T0015,5,2024-12-10 15:16:07,download
U0031,T0006,5,2025-02-23 15:16:07,review
U0031,T0001,2,2025-01-04 15:16:07,download
U0031,T0207,2,2024-11-14 15:16:07,skip
U0031,T0184,5,2024-11-26 15:16:07,skip
U0031,T0016,4,2024-10-17 15:16:07,add_to_playlist
U0031,T0151,4,2025-04-10 15:16:07,add_to_playlist
U0031,T0199,5,2024-11-09 15:16:07,skip
U0031,T0246,5,2024-10-30 15:16:07,skip
U0031,T0181,5,2025-03-30 15:16:07,complete_listen
U0031,T0151,5,2024-11-06 15:16:07,skip
U0032,T0083,4,2024-11-15 15:16:07,add_to_playlist
U0032,T0188,2,2025-01-31 15:16:07,review
U0032,T0167,5,2025-01-01 15:16:07,add_to_playlist
U0032,T0182,4,2025-03-04 15:16:07,skip
U0032,T0058,4,2025-03-31 15:16:07,add_to_playlist
U0032,T0097,5,2024-12-29 15:16:07,share
U0032,T0033,2,2024-11-26 15:16:07,stream
U0032,T0243,4,2025-04-09 15:16:07,complete_listen
U0032,T0218,1,2025-03-06 15:16:07,stream
U0032,T0047,4,2025-03-15 15:16:07,skip
U0032,T0236,2,2025-03-17 15:16:07,download
U0032,T0164,2,2025-03-05 15:16:07,like
U0032,T0240,2,2025-02-16 15:16:07,add_to_playlist
U0032,T0085,4,2024-10-31 15:16:07,download
U0033,T0082,5,2024-11-23 15:16:07,like
U0033,T0211,4,2025-04-01 15:16:07,skip
U0033,T0115,5,2024-10-14 15:16:07,share
U0033,T0054,4,2024-12-14 15:16:07,like
U0033,T0090,3,2024-12-16 15:16:07,like
U0033,T0185,5,2024-10-12 15:16:07,stream
U0033,T0099,3,2025-02-01 15:16:07,complete_listen
U0033,T0249,5,2024-11-23 15:16:07,complete_listen
U0033,T0127,1,2025-01-16 15:16:07,skip
U0033,T0140,5,2025-01-16 15:16:07,like
U0033,T0213,1,2025-02-11 15:16:07,download
U0033,T0042,5,2025-02-04 15:16:07,like
U0033,T0205,4,2024-10-20 15:16:07,share
U0033,T0006,5,2025-01-01 15:16:07,share
U0033,T0244,2,2024-11-07 15:16:07,like
U0034,T0044,4,2025-01-16 15:16:07,add_to_playlist
U0034,T0188,5,2024-10-31 15:16:07,like
U0034,T0087,4,2025-03-13 15:16:07,review
U0034,T0181,4,2024-10-19 15:16:07,complete_listen
U0034,T0242,5,2025-03-28 15:16:07,add_to_playlist
U0034,T0156,4,2025-01-31 15:16:07,add_to_playlist
U0034,T0014,4,2024-11-06 15:16:07,skip
U0034,T0053,4,2024-11-29 15:16:07,complete_listen
U0034,T0179,5,2025-03-02 15:16:07,share
U0034,T0170,1,2024-12-23 15:16:07,share
U0034,T0061,3,2024-11-05 15:16:07,stream
U0034,T0101,5,2025-03-07 15:16:07,review
U0034,T0040,5,2024-10-25 15:16:07,skip
U0034,T0001,4,2025-01-29 15:16:07,like
U0034,T0076,4,2025-03-30 15:16:07,review
U0035,T0025,3,2024-10-18 15:16:07,download
U0035,T0044,3,2025-03-24 15:16:07,share
U0035,T0021,4,2025-02-10 15:16:07,like
U0035,T0079,4,2025-01-21 15:16:07,review
U0035,T0126,4,2025-03-30 15:16:07,share
U0035,T0024,2,2025-03-25 15:16:07,complete_listen
U0035,T0048,5,2025-01-14 15:16:07,complete_listen
U0035,T0095,5,2024-11-28 15:16:07,review
U0035,T0012,5,2024-12-18 15:16:07,review
U0035,T0120,4,2024-12-18 15:16:07,download
U0035,T0215,3,2024-12-19 15:16:07,stream
U0035,T0039,5,2025-04-08 15:16:07,like
U0035,T0022,5,2025-04-01 15:16:07,skip
U0036,T0106,3,2025-03-11 15:16:07,download
U0036,T0142,5,2024-10-27 15:16:07,complete_listen
U0036,T0210,5,2025-02-22 15:16:07,complete_listen
U0036,T0248,5,2025-02-26 15:16:07,review
U0036,T0147,5,2024-12-11 15:16:07,review
U0036,T0077,4,2024-11-01 15:16:07,complete_listen
U0036,T0232,4,2024-10-20 15:16:07,add_to_playlist
U0036,T0031,5,2025-02-03 15:16:07,add_to_playlist
U0036,T0243,5,2024-11-23 15:16:07,download
U0036,T0207,1,2024-11-30 15:16:07,add_to_playlist
U0036,T0011,1,2025-01-28 15:16:07,like
U0036,T0175,4,2025-01-31 15:16:07,download
U0036,T0211,5,2025-03-21 15:16:07,add_to_playlist
U0036,T0214,5,2025-03-13 15:16:07,share
U0036,T0082,3,2024-10-29 15:16:07,like
U0036,T0100,4,2025-03-03 15:16:07,complete_listen
U0036,T0142,4,2025-01-03 15:16:07,share
U0036,T0134,5,2025-02-06 15:16:07,stream
U0037,T0151,5,2025-02-22 15:16:07,complete_listen
U0037,T0029,5,2025-01-26 15:16:07,add_to_playlist
U0037,T0038,4,2025-03-06 15:16:07,like
U0037,T0237,4,2024-11-08 15:16:07,like
U0037,T0202,3,2024-12-24 15:16:07,skip
U0037,T0225,2,2025-01-25 15:16:07,share
U0037,T0099,5,2025-03-28 15:16:07,review
U0037,T0147,5,2025-03-16 15:16:07,review
U0037,T0010,5,2024-11-25 15:16:07,share
U0037,T0104,5,2024-11-17 15:16:07,complete_listen
U0037,T0010,4,2025-01-21 15:16:07,skip
U0037,T0177,5,2024-12-11 15:16:07,stream
U0037,T0191,5,2025-02-10 15:16:07,share
U0037,T0230,5,2025-01-15 15:16:07,stream
U0037,T0087,3,2024-12-28 15:16:07,share
U0037,T0072,4,2025-02-14 15:16:07,like
U0037,T0249,2,2024-12-09 15:16:07,add_to_playlist
U0037,T0077,5,2025-02-02 15:16:07,skip
U0037,T0069,4,2025-01-26 15:16:07,like
U0038,T0114,3,2024-12-05 15:16:07,complete_listen
U0038,T0190,5,2025-02-13 15:16:07,skip
U0038,T0211,4,2024-10-26 15:16:07,add_to_playlist
U0038,T0017,4,2024-12-30 15:16:07,complete_listen
U0038,T0035,2,2025-02-23 15:16:07,stream
U0038,T0045,5,2024-11-30 15:16:07,download
U0038,T0215,4,2024-10-26 15:16:07,download
U0038,T0009,5,2025-02-05 15:16:07,stream
U0038,T0236,4,2025-01-12 15:16:07,download
U0038,T0071,5,2025-01-14 15:16:07,review
U0038,T0130,4,2025-01-21 15:16:07,like
U0038,T0175,4,2024-10-19 15:16:07,download
U0038,T0096,5,2025-02-14 15:16:07,review
U0039,T0246,4,2025-02-10 15:16:07,skip
U0039,T0089,2,2024-11-22 15:16:07,share
U0039,T0192,1,2025-04-06 15:16:07,like
U0039,T0073,5,2024-10-19 15:16:07,complete_listen
U0039,T0013,4,2024-11-22 15:16:07,download
U0039,T0220,5,2024-12-07 15:16:07,download
U0039,T0174,3,2024-12-03 15:16:07,share
U0039,T0167,2,2025-01-24 15:16:07,stream
U0039,T0222,1,2025-04-04 15:16:07,stream
U0039,T0122,4,2024-11-14 15:16:07,add_to_playlist
U0039,T0154,4,2024-10-14 15:16:07,download
U0039,T0065,4,2025-03-16 15:16:07,share
U0040,T0071,4,2025-01-28 15:16:07,complete_listen
U0040,T0219,5,2025-01-09 15:16:07,review
U0040,T0065,3,2024-12-06 15:16:07,review
U0040,T0078,4,2025-04-03 15:16:07,complete_listen
U0040,T0150,5,2024-11-07 15:16:07,stream
U0040,T0131,4,2025-03-30 15:16:07,skip
U0040,T0144,4,2025-03-26 15:16:07,share
U0040,T0077,5,2025-04-05 15:16:07,like
U0040,T0124,5,2024-10-28 15:16:07,skip
U0040,T0071,2,2025-03-24 15:16:07,skip
U0040,T0221,5,2024-12-21 15:16:07,share
U0040,T0168,4,2025-03-27 15:16:07,share
U0040,T0049,3,2024-11-19 15:16:07,download
U0040,T0231,4,2024-10-26 15:16:07,complete_listen
U0040,T0170,5,2025-01-01 15:16:07,add_to_playlist
U0040,T0185,4,2024-10-18 15:16:07,review
U0040,T0076,3,2024-12-17 15:16:07,complete_listen
U0040,T0104,4,2025-01-19 15:16:07,stream
U0040,T0150,3,2025-03-07 15:16:07,download
U0040,T0088,2,2024-12-07 15:16:07,review
U0041,T0092,2,2025-02-18 15:16:07,share
U0041,T0217,2,2024-11-24 15:16:07,add_to_playlist
U0041,T0076,3,2024-11-05 15:16:07,review
U0041,T0033,2,2024-12-17 15:16:07,add_to_playlist
U0041,T0243,4,2025-04-04 15:16:07,skip
U0041,T0168,3,2024-11-03 15:16:07,download
U0041,T0091,3,2024-12-08 15:16:07,share
U0041,T0108,5,2025-01-04 15:16:07,skip
U0041,T0067,4,2025-03-10 15:16:07,share
U0041,T0119,5,2024-11-11 15:16:07,review
U0041,T0014,3,2025-03-23 15:16:07,like
U0041,T0121,3,2024-11-30 15:16:07,like
U0041,T0223,1,2025-04-04 15:16:07,complete_listen
U0041,T0136,3,2024-12-27 15:16:07,complete_listen
U0041,T0014,3,2024-11-19 15:16:07,add_to_playlist
U0041,T0052,3,2025-01-07 15:16:07,complete_listen
U0041,T0146,2,2025-02-06 15:16:07,add_to_playlist
U0041,T0081,2,2024-11-27 15:16:07,like
U0041,T0125,4,2025-01-05 15:16:07,add_to_playlist
U0041,T0081,3,2025-03-23 15:16:07,stream
U0042,T0116,4,2024-12-21 15:16:07,download
U0042,T0195,4,2024-11-24 15:16:07,add_to_playlist
U0042,T0126,5,2024-11-03 15:16:07,add_to_playlist
U0042,T0158,1,2025-01-31 15:16:07,complete_listen
U0042,T0104,5,2025-01-29 15:16:07,review
U0042,T0099,4,2024-10-13 15:16:07,stream
U0042,T0137,2,2024-12-02 15:16:07,skip
U0042,T0244,5,2024-10-15 15:16:07,skip
U0042,T0194,5,2025-02-24 15:16:07,download
U0042,T0005,2,2025-04-03 15:16:07,stream
U0043,T0188,3,2024-12-14 15:16:07,download
U0043,T0178,5,2025-01-08 15:16:07,share
U0043,T0034,5,2024-11-07 15:16:07,complete_listen
U0043,T0129,3,2025-03-11 15:16:07,share
U0043,T0043,3,2024-10-28 15:16:07,stream
U0043,T0077,4,2024-12-25 15:16:07,review
U0043,T0187,4,2025-02-22 15:16:07,skip
U0043,T0112,4,2025-04-05 15:16:07,add_to_playlist
U0043,T0088,4,2025-02-14 15:16:07,skip
U0043,T0193,4,2024-11-29 15:16:07,add_to_playlist
U0043,T0243,5,2025-01-23 15:16:07,stream
U0043,T0059,1,2024-12-08 15:16:07,add_to_playlist
U0043,T0055,3,2024-10-17 15:16:07,add_to_playlist
U0043,T0032,5,2025-01-13 15:16:07,stream
U0043,T0097,5,2025-03-24 15:16:07,share
U0043,T0198,4,2025-02-25 15:16:07,stream
U0043,T0153,4,2024-10-24 15:16:07,like
U0043,T0168,2,2024-10-17 15:16:07,stream
U0043,T0177,4,2024-11-10 15:16:07,complete_listen
U0043,T0114,4,2025-01-17 15:16:07,like
U0044,T0065,3,2025-02-10 15:16:07,add_to_playlist
U0044,T0053,3,2025-04-07 15:16:07,stream
U0044,T0078,4,2025-01-27 15:16:07,like
U0044,T0170,1,2025-02-22 15:16:07,share
U0044,T0160,3,2025-03-16 15:16:07,add_to_playlist
U0044,T0108,3,2024-11-07 15:16:07,like
U0044,T0073,3,2024-11-10 15:16:07,like
U0044,T0128,2,2024-12-01 15:16:07,download
U0044,T0200,5,2024-12-18 15:16:07,download
U0044,T0092,4,2025-04-10 15:16:07,complete_listen
U0044,T0076,5,2024-11-22 15:16:07,stream
U0044,T0141,5,2025-02-16 15:16:07,download
U0044,T0177,4,2025-02-12 15:16:07,skip
U0044,T0061,2,2024-10-12 15:16:07,stream
U0044,T0172,4,2024-11-03 15:16:07,like
U0044,T0214,4,2025-03-07 15:16:07,review
U0044,T0039,5,2024-11-04 15:16:07,like
U0044,T0186,4,2024-11-06 15:16:07,share
U0045,T0060,2,2025-02-05 15:16:07,share
U0045,T0068,3,2025-02-07 15:16:07,stream
U0045,T0026,4,2024-11-25 15:16:07,stream
U0045,T0219,4,2024-12-25 15:16:07,skip
U0045,T0206,4,2025-04-03 15:16:07,skip
U0045,T0110,4,2024-11-10 15:16:07,like
U0045,T0218,5,2024-10-23 15:16:07,stream
U0045,T0219,4,2024-11-16 15:16:07,add_to_playlist
U0045,T0085,3,2025-01-11 15:16:07,review
U0045,T0245,2,2025-03-20 15:16:07,share
U0045,T0225,3,2024-11-04 15:16:07,skip
U0045,T0209,3,2025-01-07 15:16:07,add_to_playlist
U0045,T0030,3,2025-01-22 15:16:07,complete_listen
U0045,T0247,3,2025-02-05 15:16:07,share
U0045,T0214,3,2025-01-18 15:16:07,review
U0045,T0205,3,2025-01-27 15:16:07,add_to_playlist
U0045,T0029,5,2024-11-14 15:16:07,stream
U0045,T0242,2,2024-11-21 15:16:07,like
U0045,T0107,4,2025-03-12 15:16:07,review
U0045,T0206,4,2025-03-06 15:16:07,review
U0046,T0157,5,2025-01-17 15:16:07,skip
U0046,T0157,2,2024-10-19 15:16:07,add_to_playlist
U0046,T0124,4,2025-02-13 15:16:07,like
U0046,T0228,5,2025-01-25 15:16:07,review
U0046,T0012,5,2024-10-28 15:16:07,share
U0046,T0168,5,2024-12-31 15:16:07,stream
U0046,T0181,3,2025-04-03 15:16:07,download
U0046,T0245,3,2025-04-01 15:16:07,skip
U0046,T0133,5,2025-02-22 15:16:07,like
U0046,T0111,5,2025-03-30 15:16:07,download
U0046,T0124,4,2025-01-08 15:16:07,complete_listen
U0046,T0039,4,2025-03-03 15:16:07,stream
U0047,T0165,3,2024-11-21 15:16:07,review
U0047,T0219,5,2025-02-15 15:16:07,add_to_playlist
U0047,T0020,3,2025-02-14 15:16:07,skip
U0047,T0062,3,2025-01-04 15:16:07,share
U0047,T0013,4,2025-02-18 15:16:07,download
U0047,T0141,4,2025-03-25 15:16:07,complete_listen
U0047,T0104,3,2024-12-11 15:16:07,like
U0047,T0118,2,2025-02-02 15:16:07,review
U0047,T0023,4,2025-02-16 15:16:07,review
U0047,T0081,3,2024-11-11 15:16:07,review
U0048,T0005,4,2024-11-07 15:16:07,complete_listen
U0048,T0106,3,2024-10-21 15:16:07,stream
U0048,T0212,4,2024-11-04 15:16:07,share
U0048,T0228,4,2025-02-19 15:16:07,download
U0048,T0168,2,2025-04-01 15:16:07,review
U0048,T0244,3,2025-01-07 15:16:07,skip
U0048,T0212,2,2024-10-25 15:16:07,download
U0048,T0217,2,2025-02-05 15:16:07,skip
U0048,T0144,5,2025-03-19 15:16:07,review
U0048,T0184,3,2025-03-29 15:16:07,skip
U0048,T0184,5,2025-02-04 15:16:07,like
U0048,T0025,3,2025-03-29 15:16:07,download
U0048,T0001,5,2025-01-07 15:16:07,skip
U0048,T0213,5,2025-03-23 15:16:07,share
U0048,T0141,4,2025-02-22 15:16:07,skip
U0048,T0180,4,2024-11-08 15:16:07,stream
U0048,T0230,4,2024-11-23 15:16:07,review
U0048,T0036,3,2025-01-24 15:16:07,like
U0048,T0066,5,2025-03-17 15:16:07,download
U0048,T0049,5,2024-11-11 15:16:07,complete_listen
U0049,T0118,5,2024-11-29 15:16:07,skip
U0049,T0028,2,2025-01-26 15:16:07,stream
U0049,T0238,5,2025-03-23 15:16:07,like
U0049,T0198,5,2025-02-04 15:16:07,review
U0049,T0169,3,2025-03-11 15:16:07,add_to_playlist
U0049,T0247,2,2025-02-16 15:16:07,stream
U0049,T0136,5,2024-10-24 15:16:07,complete_listen
U0049,T0215,4,2025-03-10 15:16:07,review
U0049,T0237,5,2025-02-19 15:16:07,add_to_playlist
U0049,T0178,2,2025-03-09 15:16:07,add_to_playlist
U0049,T0188,5,2024-11-13 15:16:07,like
U0049,T0100,3,2025-03-29 15:16:07,skip
U0049,T0130,3,2025-01-18 15:16:07,complete_listen
U0050,T0235,3,2025-04-07 15:16:07,download
U0050,T0071,5,2025-01-21 15:16:07,skip
U0050,T0249,5,2024-12-26 15:16:07,review
U0050,T0207,4,2024-11-15 15:16:07,add_to_playlist
U0050,T0106,4,2025-03-15 15:16:07,share
U0050,T0216,5,2025-04-09 15:16:07,skip
U0050,T0183,4,2025-03-02 15:16:07,download
U0050,T0052,5,2024-12-04 15:16:07,share
U0050,T0176,4,2025-01-08 15:16:07,add_to_playlist
U0050,T0182,4,2025-03-27 15:16:07,add_to_playlist
U0050,T0129,4,2025-02-27 15:16:07,skip
U0050,T0182,3,2024-11-10 15:16:07,skip
U0050,T0144,5,2025-02-11 15:16:07,complete_listen
U0050,T0173,4,2025-02-25 15:16:07,share
U0050,T0225,3,2025-01-28 15:16:07,stream
U0050,T0134,5,2024-11-08 15:16:07,stream
U0050,T0098,4,2024-11-18 15:16:07,stream
U0050,T0172,4,2024-10-26 15:16:07,download
U0050,T0069,5,2024-11-22 15:16:07,share
U0051,T0065,4,2024-11-18 15:16:07,stream
U0051,T0177,2,2024-12-26 15:16:07,download
U0051,T0193,5,2025-02-27 15:16:07,stream
U0051,T0092,4,2025-02-04 15:16:07,like
U0051,T0158,3,2025-04-02 15:16:07,download
U0051,T0191,2,2025-03-26 15:16:07,complete_listen
U0051,T0061,5,2025-02-19 15:16:07,share
U0051,T0178,4,2025-03-31 15:16:07,stream
U0051,T0238,4,2025-01-17 15:16:07,complete_listen
U0051,T0107,5,2025-04-05 15:16:07,skip
U0051,T0248,5,2025-03-02 15:16:07,stream
U0051,T0004,3,2024-12-15 15:16:07,download
U0051,T0159,3,2025-02-02 15:16:07,download
U0051,T0234,3,2025-03-23 15:16:07,skip
U0051,T0194,5,2025-03-11 15:16:07,download
U0051,T0199,1,2024-11-30 15:16:07,share
U0051,T0115,4,2024-11-26 15:16:07,like
U0051,T0048,5,2024-11-25 15:16:07,like
U0051,T0097,5,2024-10-22 15:16:07,complete_listen
U0051,T0072,3,2025-03-03 15:16:07,share
U0052,T0042,5,2025-03-10 15:16:07,share
U0052,T0002,2,2025-01-04 15:16:07,review
U0052,T0182,5,2024-11-20 15:16:07,stream
U0052,T0040,2,2025-01-02 15:16:07,stream
U0052,T0199,4,2025-03-21 15:16:07,share
U0052,T0126,5,2025-03-07 15:16:07,skip
U0052,T0019,2,2025-01-01 15:16:07,download
U0052,T0245,3,2024-11-28 15:16:07,like
U0052,T0202,5,2025-02-18 15:16:07,add_to_playlist
U0052,T0107,5,2025-02-28 15:16:07,complete_listen
U0052,T0024,4,2025-01-09 15:16:07,download
U0052,T0227,5,2024-12-05 15:16:07,skip
U0053,T0093,4,2024-12-26 15:16:07,download
U0053,T0244,3,2025-03-19 15:16:07,review
U0053,T0144,3,2025-03-27 15:16:07,stream
U0053,T0030,3,2025-04-01 15:16:07,skip
U0053,T0115,5,2024-12-12 15:16:07,download
U0053,T0246,4,2024-10-22 15:16:07,skip
U0053,T0098,4,2024-11-10 15:16:07,complete_listen
U0053,T0066,4,2025-02-27 15:16:07,share
U0053,T0007,5,2025-02-21 15:16:07,skip
U0053,T0132,3,2025-02-19 15:16:07,review
U0053,T0125,4,2024-10-23 15:16:07,share
U0053,T0230,4,2025-03-27 15:16:07,download
U0053,T0083,4,2025-02-20 15:16:07,like
U0053,T0243,1,2024-11-05 15:16:07,add_to_playlist
U0053,T0249,5,2025-02-26 15:16:07,stream
U0054,T0017,5,2024-12-04 15:16:07,download
U0054,T0222,4,2025-04-05 15:16:07,complete_listen
U0054,T0214,5,2024-11-07 15:16:07,download
U0054,T0138,5,2025-04-09 15:16:07,complete_listen
U0054,T0166,5,2024-10-30 15:16:07,add_to_playlist
U0054,T0007,3,2025-02-06 15:16:07,skip
U0054,T0010,4,2024-11-03 15:16:07,like
U0054,T0014,4,2024-11-26 15:16:07,share
U0054,T0143,4,2024-10-30 15:16:07,download
U0054,T0234,5,2024-12-17 15:16:07,complete_listen
U0054,T0100,5,2025-02-04 15:16:07,complete_listen
U0054,T0111,5,2024-12-31 15:16:07,stream
U0054,T0100,4,2025-04-02 15:16:07,like
U0054,T0137,2,2024-10-13 15:16:07,like
U0054,T0194,5,2025-03-10 15:16:07,stream
U0054,T0180,5,2024-10-30 15:16:07,skip
U0054,T0238,2,2025-02-17 15:16:07,like
U0054,T0075,5,2025-04-05 15:16:07,share
U0054,T0156,5,2024-11-03 15:16:07,share
U0054,T0196,4,2025-02-01 15:16:07,complete_listen
U0055,T0211,4,2025-03-30 15:16:07,stream
U0055,T0122,4,2024-11-21 15:16:07,download
U0055,T0035,2,2025-01-20 15:16:07,share
U0055,T0246,3,2025-03-23 15:16:07,add_to_playlist
U0055,T0077,5,2025-04-03 15:16:07,skip
U0055,T0246,1,2024-10-14 15:16:07,add_to_playlist
U0055,T0032,3,2024-10-22 15:16:07,stream
U0055,T0147,4,2025-03-13 15:16:07,complete_listen
U0055,T0138,4,2025-03-01 15:16:07,like
U0055,T0079,5,2024-12-04 15:16:07,skip
U0055,T0055,3,2025-01-25 15:16:07,add_to_playlist
U0055,T0042,3,2024-11-28 15:16:07,download
U0055,T0158,5,2024-12-15 15:16:07,download
U0055,T0030,4,2024-11-27 15:16:07,stream
U0055,T0218,3,2025-03-01 15:16:07,review
U0055,T0166,4,2025-03-01 15:16:07,like
U0056,T0172,2,2024-10-29 15:16:07,share
U0056,T0026,3,2024-12-01 15:16:07,review
U0056,T0244,4,2025-01-04 15:16:07,skip
U0056,T0033,4,2025-04-01 15:16:07,download
U0056,T0026,5,2024-12-23 15:16:07,like
U0056,T0231,4,2024-11-30 15:16:07,skip
U0056,T0125,4,2025-02-04 15:16:07,skip
U0056,T0158,4,2025-03-29 15:16:07,share
U0056,T0178,1,2025-03-10 15:16:07,add_to_playlist
U0056,T0145,5,2025-03-06 15:16:07,skip
U0056,T0207,3,2024-12-31 15:16:07,complete_listen
U0056,T0044,5,2024-10-13 15:16:07,skip
U0056,T0064,2,2024-12-07 15:16:07,complete_listen
U0056,T0071,4,2025-01-12 15:16:07,add_to_playlist
U0057,T0188,2,2025-01-04 15:16:07,review
U0057,T0119,5,2025-02-03 15:16:07,skip
U0057,T0199,4,2024-12-29 15:16:07,review
U0057,T0142,4,2024-11-08 15:16:07,add_to_playlist
U0057,T0166,2,2025-03-16 15:16:07,like
U0057,T0216,5,2024-12-22 15:16:07,add_to_playlist
U0057,T0229,3,2025-02-26 15:16:07,download
U0057,T0068,5,2025-03-21 15:16:07,like
U0057,T0187,3,2024-10-31 15:16:07,stream
U0057,T0218,3,2025-02-18 15:16:07,stream
U0057,T0209,1,2025-03-09 15:16:07,complete_listen
U0057,T0197,4,2025-03-12 15:16:07,download
U0057,T0233,4,2024-10-21 15:16:07,share
U0057,T0140,2,2025-02-27 15:16:07,review
U0057,T0168,5,2024-11-19 15:16:07,skip
U0057,T0101,4,2024-12-08 15:16:07,share
U0057,T0035,4,2025-02-07 15:16:07,like
U0057,T0102,4,2025-01-13 15:16:07,stream
U0057,T0170,4,2024-12-12 15:16:07,add_to_playlist
U0057,T0194,4,2025-02-20 15:16:07,add_to_playlist
U0058,T0041,3,2024-11-26 15:16:07,add_to_playlist
U0058,T0189,3,2025-02-12 15:16:07,skip
U0058,T0011,5,2024-12-07 15:16:07,review
U0058,T0060,5,2024-10-28 15:16:07,share
U0058,T0095,4,2024-12-10 15:16:07,stream
U0058,T0172,3,2024-12-03 15:16:07,skip
U0058,T0100,4,2025-02-09 15:16:07,review
U0058,T0226,4,2024-10-23 15:16:07,stream
U0058,T0167,1,2025-01-02 15:16:07,like
U0058,T0181,3,2025-02-22 15:16:07,share
U0058,T0214,5,2024-12-18 15:16:07,add_to_playlist
U0058,T0097,5,2025-03-28 15:16:07,complete_listen
U0058,T0094,1,2025-03-11 15:16:07,like
U0058,T0133,3,2024-12-15 15:16:07,complete_listen
U0058,T0233,3,2024-12-08 15:16:07,complete_listen
U0058,T0091,5,2025-01-08 15:16:07,review
U0058,T0203,1,2025-02-12 15:16:07,stream
U0059,T0226,2,2024-11-16 15:16:07,review
U0059,T0043,5,2024-12-09 15:16:07,like
U0059,T0132,3,2025-03-25 15:16:07,share
U0059,T0055,5,2024-11-19 15:16:07,add_to_playlist
U0059,T0041,3,2025-01-12 15:16:07,like
U0059,T0170,2,2024-12-09 15:16:07,complete_listen
U0059,T0208,3,2025-01-04 15:16:07,like
U0059,T0124,5,2025-04-02 15:16:07,review
U0059,T0123,5,2024-12-04 15:16:07,add_to_playlist
U0059,T0166,5,2025-01-25 15:16:07,stream
U0059,T0063,4,2024-10-23 15:16:07,add_to_playlist
U0059,T0147,5,2025-03-12 15:16:07,add_to_playlist
U0059,T0035,3,2025-03-22 15:16:07,stream
U0059,T0229,3,2025-03-07 15:16:07,add_to_playlist
U0059,T0015,5,2024-11-23 15:16:07,share
U0059,T0237,1,2024-11-27 15:16:07,complete_listen
U0059,T0154,2,2025-03-05 15:16:07,stream
U0059,T0225,3,2025-03-30 15:16:07,share
U0060,T0056,1,2025-02-03 15:16:07,review
U0060,T0223,3,2025-02-12 15:16:07,add_to_playlist
U0060,T0057,4,2025-01-25 15:16:07,add_to_playlist
U0060,T0204,4,2025-03-10 15:16:07,add_to_playlist
U0060,T0160,5,2025-03-29 15:16:07,share
U0060,T0043,5,2025-04-05 15:16:07,skip
U0060,T0237,3,2025-02-05 15:16:07,like
U0060,T0059,3,2025-01-16 15:16:07,complete_listen
U0060,T0034,4,2024-11-08 15:16:07,stream
U0060,T0052,4,2025-02-22 15:16:07,complete_listen
U0060,T0212,3,2024-11-19 15:16:07,like
U0061,T0122,4,2025-03-18 15:16:07,stream
U0061,T0225,4,2025-02-25 15:16:07,like
U0061,T0024,4,2025-02-12 15:16:07,add_to_playlist
U0061,T0231,4,2025-03-15 15:16:07,stream
U0061,T0230,3,2025-04-03 15:16:07,complete_listen
U0061,T0134,5,2025-01-27 15:16:07,skip
U0061,T0224,5,2024-10-23 15:16:07,complete_listen
U0061,T0059,2,2025-02-12 15:16:07,complete_listen
U0061,T0090,5,2025-03-11 15:16:07,like
U0061,T0109,4,2024-11-15 15:16:07,share
U0061,T0123,5,2024-12-10 15:16:07,like
U0061,T0073,5,2025-03-14 15:16:07,complete_listen
U0062,T0049,4,2024-10-13 15:16:07,stream
U0062,T0148,1,2025-02-22 15:16:07,like
U0062,T0134,3,2024-10-13 15:16:07,complete_listen
U0062,T0168,4,2024-12-03 15:16:07,skip
U0062,T0105,4,2025-01-12 15:16:07,like
U0062,T0040,3,2025-01-29 15:16:07,share
U0062,T0067,2,2025-02-26 15:16:07,complete_listen
U0062,T0145,5,2025-01-13 15:16:07,share
U0062,T0175,5,2025-01-21 15:16:07,download
U0062,T0106,4,2025-03-02 15:16:07,review
U0062,T0046,3,2025-01-14 15:16:07,review
U0062,T0065,3,2024-12-29 15:16:07,skip
U0062,T0199,1,2025-04-10 15:16:07,complete_listen
U0062,T0189,5,2024-11-16 15:16:07,like
U0063,T0115,2,2025-04-09 15:16:07,add_to_playlist
U0063,T0026,4,2024-12-05 15:16:07,complete_listen
U0063,T0202,3,2025-01-06 15:16:07,stream
U0063,T0042,4,2025-01-19 15:16:07,stream
U0063,T0206,5,2024-11-04 15:16:07,add_to_playlist
U0063,T0121,5,2025-03-14 15:16:07,complete_listen
U0063,T0023,3,2024-10-28 15:16:07,share
U0063,T0057,1,2025-01-14 15:16:07,like
U0063,T0156,2,2024-10-21 15:16:07,complete_listen
U0063,T0239,5,2025-01-22 15:16:07,share
U0063,T0183,5,2025-03-13 15:16:07,stream
U0063,T0243,4,2024-11-25 15:16:07,review
U0063,T0113,4,2024-10-14 15:16:07,download
U0064,T0239,5,2025-02-21 15:16:07,share
U0064,T0050,3,2024-10-20 15:16:07,download
U0064,T0158,5,2024-11-24 15:16:07,stream
U0064,T0093,4,2024-12-12 15:16:07,stream
U0064,T0041,4,2024-11-03 15:16:07,share
U0064,T0200,4,2025-01-22 15:16:07,skip
U0064,T0172,1,2025-01-21 15:16:07,complete_listen
U0064,T0151,3,2024-12-02 15:16:07,stream
U0064,T0189,5,2025-04-10 15:16:07,like
U0064,T0236,2,2024-11-04 15:16:07,share
U0064,T0186,4,2025-03-04 15:16:07,skip
U0064,T0089,3,2024-12-21 15:16:07,download
U0064,T0156,4,2024-11-30 15:16:07,review
U0064,T0239,3,2025-01-23 15:16:07,stream
U0064,T0067,4,2024-11-25 15:16:07,complete_listen
U0064,T0130,5,2024-11-08 15:16:07,like
U0064,T0129,3,2024-12-26 15:16:07,skip
U0064,T0243,4,2024-11-10 15:16:07,share
U0064,T0225,4,2025-02-26 15:16:07,share
U0064,T0178,5,2025-02-02 15:16:07,complete_listen
U0065,T0124,5,2024-12-13 15:16:07,skip
U0065,T0247,5,2025-02-06 15:16:07,review
U0065,T0230,3,2025-03-11 15:16:07,stream
U0065,T0124,1,2024-11-10 15:16:07,share
U0065,T0018,3,2025-01-17 15:16:07,download
U0065,T0174,4,2025-04-09 15:16:07,download
U0065,T0205,2,2024-12-31 15:16:07,complete_listen
U0065,T0245,4,2025-01-10 15:16:07,stream
U0065,T0180,4,2024-12-18 15:16:07,download
U0065,T0074,3,2024-11-04 15:16:07,complete_listen
U0065,T0173,5,2025-01-07 15:16:07,like
U0065,T0142,2,2024-11-26 15:16:07,review
U0065,T0081,2,2025-01-10 15:16:07,download
U0065,T0229,5,2025-03-07 15:16:07,share
U0065,T0047,4,2025-04-04 15:16:07,download
U0065,T0128,5,2024-12-02 15:16:07,download
U0065,T0189,4,2024-12-12 15:16:07,share
U0065,T0053,3,2024-12-09 15:16:07,download
U0065,T0214,5,2024-12-14 15:16:07,skip
U0066,T0200,5,2024-11-08 15:16:07,like
U0066,T0236,5,2024-11-01 15:16:07,review
U0066,T0158,3,2024-10-13 15:16:07,stream
U0066,T0218,4,2025-02-12 15:16:07,skip
U0066,T0159,4,2024-12-31 15:16:07,review
U0066,T0230,2,2025-03-08 15:16:07,share
U0066,T0126,5,2024-11-27 15:16:07,share
U0066,T0102,2,2024-12-07 15:16:07,add_to_playlist
U0066,T0014,5,2025-02-23 15:16:07,complete_listen
U0066,T0123,4,2025-02-27 15:16:07,stream
U0066,T0129,3,2025-01-08 15:16:07,complete_listen
U0066,T0221,4,2025-04-05 15:16:07,add_to_playlist
U0067,T0031,5,2025-04-08 15:16:07,review
U0067,T0081,5,2025-04-06 15:16:07,stream
U0067,T0004,5,2025-04-02 15:16:07,download
U0067,T0098,5,2025-03-09 15:16:07,like
U0067,T0084,5,2025-01-12 15:16:07,share
U0067,T0048,5,2025-03-01 15:16:07,share
U0067,T0061,3,2024-12-19 15:16:07,review
U0067,T0246,4,2025-03-17 15:16:07,skip
U0067,T0094,3,2024-11-28 15:16:07,review
U0067,T0109,5,2024-12-04 15:16:07,complete_listen
U0067,T0180,5,2025-01-15 15:16:07,skip
U0067,T0219,1,2025-01-22 15:16:07,share
U0067,T0116,5,2024-11-27 15:16:07,add_to_playlist
U0067,T0148,5,2025-04-05 15:16:07,download
U0067,T0209,3,2024-11-06 15:16:07,share
U0067,T0206,4,2024-12-11 15:16:07,complete_listen
U0067,T0220,5,2025-01-17 15:16:07,download
U0068,T0205,1,2024-11-19 15:16:07,review
U0068,T0207,5,2024-10-14 15:16:07,add_to_playlist
U0068,T0108,3,2025-02-16 15:16:07,add_to_playlist
U0068,T0229,5,2025-03-22 15:16:07,skip
U0068,T0202,5,2025-02-13 15:16:07,share
U0068,T0065,5,2025-03-04 15:16:07,stream
U0068,T0102,4,2024-11-06 15:16:07,add_to_playlist
U0068,T0016,5,2024-12-06 15:16:07,share
U0068,T0122,5,2025-03-22 15:16:07,like
U0068,T0116,3,2025-01-05 15:16:07,share
U0068,T0093,5,2025-01-12 15:16:07,share
U0068,T0089,1,2024-10-17 15:16:07,complete_listen
U0069,T0090,4,2025-04-03 15:16:07,download
U0069,T0148,3,2025-03-08 15:16:07,add_to_playlist
U0069,T0200,2,2024-12-23 15:16:07,skip
U0069,T0084,2,2025-04-02 15:16:07,review
U0069,T0199,5,2025-02-03 15:16:07,like
U0069,T0098,3,2025-03-18 15:16:07,share
U0069,T0119,5,2025-03-22 15:16:07,add_to_playlist
U0069,T0223,2,2024-11-23 15:16:07,skip
U0069,T0108,3,2025-03-22 15:16:07,complete_listen
U0069,T0218,4,2024-10-30 15:16:07,like
U0069,T0042,5,2025-01-07 15:16:07,download
U0070,T0082,3,2025-03-28 15:16:07,share
U0070,T0182,4,2024-12-19 15:16:07,complete_listen
U0070,T0070,5,2025-02-02 15:16:07,skip
U0070,T0192,4,2025-03-11 15:16:07,review
U0070,T0106,3,2024-11-23 15:16:07,add_to_playlist
U0070,T0219,1,2024-10-17 15:16:07,add_to_playlist
U0070,T0187,5,2024-12-11 15:16:07,share
U0070,T0241,1,2025-04-09 15:16:07,like
U0070,T0054,5,2024-11-23 15:16:07,complete_listen
U0070,T0027,4,2024-11-05 15:16:07,like
U0070,T0240,5,2025-02-10 15:16:07,stream
U0070,T0007,5,2025-01-21 15:16:07,like
U0070,T0027,5,2024-12-18 15:16:07,add_to_playlist
U0070,T0022,4,2025-03-28 15:16:07,complete_listen
U0070,T0080,5,2024-12-09 15:16:07,download
U0071,T0114,4,2025-03-21 15:16:07,add_to_playlist
U0071,T0034,4,2025-02-23 15:16:07,add_to_playlist
U0071,T0008,4,2024-10-20 15:16:07,skip
U0071,T0221,5,2025-01-03 15:16:07,review
U0071,T0120,5,2025-02-27 15:16:07,share
U0071,T0141,5,2025-02-02 15:16:07,add_to_playlist
U0071,T0249,4,2025-04-08 15:16:07,add_to_playlist
U0071,T0152,4,2025-03-13 15:16:07,review
U0071,T0162,5,2025-03-23 15:16:07,complete_listen
U0071,T0135,3,2025-03-24 15:16:07,share
U0071,T0233,2,2025-01-08 15:16:07,review
U0071,T0139,4,2024-12-09 15:16:07,like
U0071,T0114,3,2024-12-29 15:16:07,skip
U0071,T0106,3,2024-12-17 15:16:07,add_to_playlist
U0072,T0003,3,2024-10-12 15:16:07,add_to_playlist
U0072,T0089,1,2024-12-24 15:16:07,review
U0072,T0137,1,2024-10-14 15:16:07,review
U0072,T0243,5,2025-02-11 15:16:07,share
U0072,T0003,4,2025-01-30 15:16:07,share
U0072,T0153,4,2024-12-10 15:16:07,stream
U0072,T0141,5,2025-01-15 15:16:07,download
U0072,T0106,3,2025-03-04 15:16:07,complete_listen
U0072,T0102,5,2024-12-14 15:16:07,add_to_playlist
U0072,T0184,5,2025-03-26 15:16:07,complete_listen
U0072,T0213,2,2025-01-16 15:16:07,download
U0072,T0068,4,2024-11-01 15:16:07,complete_listen
U0072,T0161,5,2024-12-12 15:16:07,share
U0072,T0073,5,2025-03-27 15:16:07,share
U0073,T0049,4,2024-10-29 15:16:07,add_to_playlist
U0073,T0035,4,2024-12-25 15:16:07,like
U0073,T0164,3,2025-02-05 15:16:07,review
U0073,T0070,5,2025-04-09 15:16:07,review
U0073,T0049,3,2025-01-02 15:16:07,stream
U0073,T0039,5,2024-10-24 15:16:07,stream
U0073,T0048,4,2024-11-07 15:16:07,share
U0073,T0069,4,2024-11-13 15:16:07,review
U0073,T0187,4,2024-10-14 15:16:07,download
U0073,T0024,3,2024-11-19 15:16:07,stream
U0073,T0127,3,2024-12-06 15:16:07,skip
U0073,T0108,3,2024-12-30 15:16:07,review
U0073,T0096,3,2025-02-07 15:16:07,stream
U0073,T0085,5,2024-11-01 15:16:07,add_to_playlist
U0073,T0015,4,2024-12-19 15:16:07,complete_listen
U0073,T0019,2,2025-02-28 15:16:07,review
U0074,T0050,5,2024-12-15 15:16:07,complete_listen
U0074,T0213,5,2024-10-15 15:16:07,like
U0074,T0197,5,2024-12-14 15:16:07,complete_listen
U0074,T0198,5,2025-02-02 15:16:07,download
U0074,T0189,3,2024-10-20 15:16:07,download
U0074,T0118,4,2024-11-05 15:16:07,download
U0074,T0122,5,2025-01-19 15:16:07,share
U0074,T0240,5,2025-01-02 15:16:07,add_to_playlist
U0074,T0162,3,2024-10-22 15:16:07,like
U0074,T0065,5,2025-02-12 15:16:07,share
U0074,T0051,3,2025-01-12 15:16:07,stream
U0074,T0222,3,2025-03-31 15:16:07,download
U0075,T0061,4,2025-03-23 15:16:07,complete_listen
U0075,T0084,4,2024-10-15 15:16:07,add_to_playlist
U0075,T0204,4,2024-12-21 15:16:07,like
U0075,T0102,2,2024-12-13 15:16:07,stream
U0075,T0249,5,2024-10-22 15:16:07,review
U0075,T0177,3,2025-03-13 15:16:07,add_to_playlist
U0075,T0096,2,2024-11-03 15:16:07,download
U0075,T0041,5,2025-02-16 15:16:07,like
U0075,T0176,5,2025-03-19 15:16:07,skip
U0075,T0239,5,2025-03-21 15:16:07,stream
U0075,T0016,5,2025-01-11 15:16:07,add_to_playlist
U0076,T0203,5,2024-11-08 15:16:07,add_to_playlist
U0076,T0125,4,2024-12-10 15:16:07,skip
U0076,T0143,2,2025-03-26 15:16:07,skip
U0076,T0207,4,2025-02-01 15:16:07,download
U0076,T0006,4,2025-04-06 15:16:07,complete_listen
U0076,T0092,3,2024-11-15 15:16:07,share
U0076,T0231,5,2024-10-22 15:16:07,review
U0076,T0181,4,2025-02-01 15:16:07,share
U0076,T0139,2,2025-04-08 15:16:07,review
U0076,T0049,3,2025-03-06 15:16:07,add_to_playlist
U0076,T0140,5,2025-01-09 15:16:07,skip
U0076,T0188,2,2025-02-08 15:16:07,share
U0076,T0223,5,2025-03-14 15:16:07,add_to_playlist
U0076,T0018,4,2025-02-24 15:16:07,add_to_playlist
U0076,T0116,4,2024-12-26 15:16:07,share
U0076,T0139,4,2025-01-13 15:16:07,review
U0076,T0001,5,2025-03-24 15:16:07,complete_listen
U0076,T0188,3,2024-11-28 15:16:07,stream
U0077,T0220,5,2025-01-13 15:16:07,download
U0077,T0083,4,2024-10-28 15:16:07,complete_listen
U0077,T0049,3,2025-02-23 15:16:07,review
U0077,T0197,5,2025-03-02 15:16:07,add_to_playlist
U0077,T0157,5,2024-12-23 15:16:07,skip
U0077,T0105,5,2025-03-25 15:16:07,skip
U0077,T0029,5,2024-11-05 15:16:07,like
U0077,T0012,5,2024-11-14 15:16:07,add_to_playlist
U0077,T0224,5,2024-10-20 15:16:07,download
U0077,T0028,5,2025-02-13 15:16:07,download
U0077,T0026,5,2024-10-20 15:16:07,complete_listen
U0077,T0169,5,2025-02-14 15:16:07,share
U0077,T0013,4,2025-01-13 15:16:07,download
U0077,T0156,5,2024-10-30 15:16:07,stream
U0077,T0239,3,2024-12-04 15:16:07,review
U0077,T0238,5,2024-11-01 15:16:07,review
U0077,T0206,5,2025-03-24 15:16:07,stream
U0077,T0093,1,2025-03-03 15:16:07,complete_listen
U0077,T0211,5,2025-01-14 15:16:07,stream
U0078,T0069,2,2025-02-24 15:16:07,stream
U0078,T0188,3,2024-10-30 15:16:07,share
U0078,T0020,5,2024-12-06 15:16:07,like
U0078,T0026,3,2024-12-10 15:16:07,complete_listen
U0078,T0049,5,2024-11-30 15:16:07,download
U0078,T0146,5,2025-03-21 15:16:07,add_to_playlist
U0078,T0143,4,2025-03-03 15:16:07,complete_listen
U0078,T0192,1,2024-11-08 15:16:07,skip
U0078,T0173,3,2025-02-06 15:16:07,complete_listen
U0078,T0227,4,2024-11-07 15:16:07,add_to_playlist
U0078,T0203,5,2024-11-27 15:16:07,complete_listen
U0078,T0130,4,2025-01-06 15:16:07,add_to_playlist
U0078,T0137,3,2025-03-14 15:16:07,review
U0078,T0239,4,2025-01-10 15:16:07,skip
U0078,T0141,4,2025-01-03 15:16:07,skip
U0078,T0106,5,2025-03-23 15:16:07,complete_listen
U0078,T0212,2,2025-01-02 15:16:07,download
U0078,T0145,5,2025-02-28 15:16:07,download
U0078,T0097,4,2025-03-01 15:16:07,share
U0079,T0247,5,2025-02-04 15:16:07,review
U0079,T0246,3,2025-01-21 15:16:07,stream
U0079,T0186,4,2024-10-20 15:16:07,share
U0079,T0153,5,2024-10-16 15:16:07,add_to_playlist
U0079,T0228,2,2024-12-28 15:16:07,stream
U0079,T0077,5,2024-12-07 15:16:07,download
U0079,T0220,5,2024-12-31 15:16:07,stream
U0079,T0198,2,2025-04-06 15:16:07,share
U0079,T0236,3,2025-03-02 15:16:07,add_to_playlist
U0079,T0025,5,2024-10-21 15:16:07,review
U0079,T0092,2,2024-11-20 15:16:07,add_to_playlist
U0079,T0068,4,2025-01-13 15:16:07,download
U0079,T0060,3,2024-12-16 15:16:07,share
U0079,T0024,4,2025-03-07 15:16:07,complete_listen
U0079,T0146,1,2024-12-06 15:16:07,like
U0080,T0203,5,2025-02-12 15:16:07,add_to_playlist
U0080,T0125,5,2025-04-06 15:16:07,like
U0080,T0153,5,2025-03-25 15:16:07,share
U0080,T0010,5,2025-03-08 15:16:07,complete_listen
U0080,T0021,2,2024-10-26 15:16:07,skip
U0080,T0090,5,2025-01-31 15:16:07,complete_listen
U0080,T0239,1,2024-11-11 15:16:07,download
U0080,T0192,1,2025-03-28 15:16:07,stream
U0080,T0163,3,2025-03-22 15:16:07,complete_listen
U0080,T0014,4,2024-12-29 15:16:07,stream
U0080,T0082,5,2025-02-27 15:16:07,add_to_playlist
U0080,T0084,5,2025-02-17 15:16:07,download
U0080,T0040,4,2024-10-24 15:16:07,complete_listen
U0080,T0249,3,2025-02-03 15:16:07,like
U0080,T0057,5,2025-01-30 15:16:07,share
U0081,T0038,4,2024-11-14 15:16:07,skip
U0081,T0022,4,2025-02-10 15:16:07,stream
U0081,T0141,3,2025-01-22 15:16:07,share
U0081,T0022,5,2025-01-22 15:16:07,complete_listen
U0081,T0199,5,2025-04-08 15:16:07,add_to_playlist
U0081,T0196,3,2024-11-15 15:16:07,review
U0081,T0144,2,2024-12-01 15:16:07,review
U0081,T0102,5,2025-03-27 15:16:07,download
U0081,T0144,5,2025-03-18 15:16:07,download
U0081,T0063,3,2024-10-30 15:16:07,share
U0081,T0199,5,2025-01-30 15:16:07,skip
U0081,T0176,3,2025-03-08 15:16:07,like
U0081,T0029,4,2025-04-01 15:16:07,complete_listen
U0081,T0109,5,2025-01-13 15:16:07,skip
U0081,T0049,4,2025-01-02 15:16:07,skip
U0081,T0153,4,2025-03-28 15:16:07,stream
U0082,T0044,4,2025-01-09 15:16:07,review
U0082,T0160,3,2024-11-18 15:16:07,review
U0082,T0012,5,2024-12-10 15:16:07,download
U0082,T0176,4,2025-01-15 15:16:07,add_to_playlist
U0082,T0194,5,2024-11-02 15:16:07,like
U0082,T0190,3,2024-10-25 15:16:07,download
U0082,T0243,3,2025-03-19 15:16:07,add_to_playlist
U0082,T0223,1,2024-12-24 15:16:07,stream
U0082,T0088,5,2025-04-07 15:16:07,like
U0082,T0079,4,2025-02-04 15:16:07,review
U0082,T0006,5,2025-01-04 15:16:07,download
U0082,T0190,4,2025-02-26 15:16:07,download
U0082,T0053,5,2025-02-28 15:16:07,share
U0082,T0141,3,2025-02-12 15:16:07,add_to_playlist
U0083,T0005,5,2025-01-16 15:16:07,stream
U0083,T0066,5,2024-11-24 15:16:07,stream
U0083,T0073,5,2024-12-02 15:16:07,share
U0083,T0014,5,2025-02-08 15:16:07,stream
U0083,T0018,5,2025-01-19 15:16:07,share
U0083,T0170,4,2025-03-29 15:16:07,skip
U0083,T0222,2,2024-11-08 15:16:07,stream
U0083,T0075,1,2025-03-27 15:16:07,complete_listen
U0083,T0060,5,2025-01-17 15:16:07,like
U0083,T0232,4,2024-12-31 15:16:07,review
U0083,T0222,5,2025-03-13 15:16:07,like
U0083,T0048,4,2024-12-01 15:16:07,review
U0083,T0144,2,2024-10-17 15:16:07,stream
U0083,T0064,2,2025-02-24 15:16:07,share
U0083,T0086,5,2025-02-14 15:16:07,complete_listen
U0083,T0191,4,2024-11-21 15:16:07,stream
U0083,T0089,3,2025-04-05 15:16:07,skip
U0083,T0091,4,2025-03-21 15:16:07,share
U0083,T0061,2,2025-02-17 15:16:07,share
U0083,T0208,4,2024-10-27 15:16:07,share
U0084,T0228,3,2024-10-19 15:16:07,share
U0084,T0058,5,2024-11-19 15:16:07,skip
U0084,T0230,3,2025-01-20 15:16:07,add_to_playlist
U0084,T0023,4,2025-01-17 15:16:07,download
U0084,T0107,1,2024-12-12 15:16:07,add_to_playlist
U0084,T0110,2,2024-12-30 15:16:07,skip
U0084,T0115,4,2025-02-27 15:16:07,add_to_playlist
U0084,T0053,4,2025-03-28 15:16:07,add_to_playlist
U0084,T0149,4,2025-02-27 15:16:07,download
U0084,T0221,3,2024-11-16 15:16:07,share
U0084,T0177,5,2025-04-10 15:16:07,add_to_playlist
U0084,T0111,5,2024-11-18 15:16:07,add_to_playlist
U0084,T0082,5,2024-10-29 15:16:07,like
U0084,T0048,1,2025-01-01 15:16:07,add_to_playlist
U0084,T0187,4,2024-10-19 15:16:07,skip
U0084,T0226,2,2025-01-25 15:16:07,complete_listen
U0085,T0114,3,2025-03-24 15:16:07,share
U0085,T0039,5,2024-11-29 15:16:07,like
U0085,T0034,2,2024-11-28 15:16:07,stream
U0085,T0196,4,2025-03-17 15:16:07,share
U0085,T0156,4,2025-03-06 15:16:07,download
U0085,T0153,5,2024-12-10 15:16:07,download
U0085,T0176,4,2024-10-18 15:16:07,skip
U0085,T0021,1,2025-04-06 15:16:07,review
U0085,T0035,3,2025-02-17 15:16:07,review
U0085,T0183,4,2025-03-27 15:16:07,skip
U0085,T0048,2,2025-01-19 15:16:07,review
U0085,T0122,4,2024-11-16 15:16:07,add_to_playlist
U0085,T0050,1,2024-12-08 15:16:07,stream
U0085,T0105,2,2024-10-15 15:16:07,share
U0086,T0057,4,2025-04-01 15:16:07,download
U0086,T0194,2,2024-12-03 15:16:07,like
U0086,T0046,4,2025-02-01 15:16:07,review
U0086,T0177,5,2025-01-03 15:16:07,review
U0086,T0228,5,2024-12-14 15:16:07,complete_listen
U0086,T0104,3,2024-10-22 15:16:07,complete_listen
U0086,T0185,3,2024-12-31 15:16:07,complete_listen
U0086,T0157,2,2025-03-07 15:16:07,stream
U0086,T0134,4,2024-11-08 15:16:07,review
U0086,T0117,5,2024-10-22 15:16:07,download
U0086,T0133,1,2025-02-26 15:16:07,complete_listen
U0086,T0189,5,2024-10-22 15:16:07,complete_listen
U0086,T0133,2,2025-03-22 15:16:07,stream
U0086,T0049,4,2024-12-25 15:16:07,review
U0086,T0102,5,2024-12-28 15:16:07,share
U0086,T0119,5,2024-11-23 15:16:07,complete_listen
U0087,T0157,5,2024-10-25 15:16:07,add_to_playlist
U0087,T0119,5,2025-03-26 15:16:07,review
U0087,T0024,3,2025-02-17 15:16:07,like
U0087,T0047,5,2025-03-10 15:16:07,add_to_playlist
U0087,T0101,2,2025-01-25 15:16:07,skip
U0087,T0116,5,2024-10-18 15:16:07,add_to_playlist
U0087,T0117,4,2025-03-12 15:16:07,download
U0087,T0226,5,2025-02-05 15:16:07,like
U0087,T0065,4,2025-01-02 15:16:07,add_to_playlist
U0087,T0184,4,2024-11-12 15:16:07,like
U0087,T0030,4,2025-04-10 15:16:07,review
U0087,T0163,5,2025-01-12 15:16:07,like
U0087,T0135,2,2025-01-18 15:16:07,add_to_playlist
U0087,T0097,2,2025-03-01 15:16:07,complete_listen
U0088,T0197,3,2024-11-24 15:16:07,skip
U0088,T0145,3,2025-03-29 15:16:07,add_to_playlist
U0088,T0042,5,2024-11-18 15:16:07,add_to_playlist
U0088,T0197,3,2024-10-25 15:16:07,complete_listen
U0088,T0079,5,2024-12-30 15:16:07,review
U0088,T0074,3,2025-03-21 15:16:07,add_to_playlist
U0088,T0031,3,2024-11-14 15:16:07,download
U0088,T0001,5,2025-03-20 15:16:07,share
U0088,T0004,5,2025-02-06 15:16:07,review
U0088,T0219,4,2025-02-16 15:16:07,stream
U0089,T0226,4,2025-02-15 15:16:07,download
U0089,T0056,5,2025-03-11 15:16:07,review
U0089,T0117,3,2025-01-24 15:16:07,review
U0089,T0021,5,2025-03-14 15:16:07,stream
U0089,T0063,5,2025-03-01 15:16:07,share
U0089,T0159,5,2025-03-21 15:16:07,download
U0089,T0013,3,2024-11-28 15:16:07,add_to_playlist
U0089,T0015,5,2025-03-28 15:16:07,skip
U0089,T0010,2,2024-11-18 15:16:07,stream
U0089,T0171,1,2025-03-08 15:16:07,share
U0089,T0085,3,2024-11-03 15:16:07,stream
U0089,T0028,4,2025-01-26 15:16:07,add_to_playlist
U0089,T0042,5,2025-04-02 15:16:07,share
U0089,T0157,5,2025-03-30 15:16:07,add_to_playlist
U0089,T0248,5,2025-02-05 15:16:07,skip
U0089,T0239,4,2024-10-21 15:16:07,like
U0089,T0197,3,2024-12-27 15:16:07,skip
U0089,T0095,4,2025-01-17 15:16:07,like
U0089,T0195,5,2025-01-29 15:16:07,like
U0090,T0121,1,2024-11-15 15:16:07,like
U0090,T0178,5,2024-12-21 15:16:07,skip
U0090,T0135,4,2025-01-25 15:16:07,download
U0090,T0179,4,2024-12-04 15:16:07,stream
U0090,T0028,5,2025-03-07 15:16:07,like
U0090,T0124,4,2025-04-06 15:16:07,share
U0090,T0110,5,2025-03-16 15:16:07,skip
U0090,T0067,5,2025-02-23 15:16:07,skip
U0090,T0238,4,2024-11-14 15:16:07,review
U0090,T0134,3,2025-03-22 15:16:07,review
U0090,T0127,4,2024-11-27 15:16:07,download
U0090,T0182,5,2024-12-25 15:16:07,download
U0090,T0001,3,2024-11-11 15:16:07,stream
U0090,T0120,4,2025-03-21 15:16:07,like
U0091,T0205,4,2025-03-18 15:16:07,complete_listen
U0091,T0106,5,2024-10-23 15:16:07,skip
U0091,T0090,2,2025-03-04 15:16:07,download
U0091,T0003,5,2025-03-24 15:16:07,download
U0091,T0177,5,2024-12-23 15:16:07,share
U0091,T0203,3,2024-10-29 15:16:07,share
U0091,T0077,3,2025-02-18 15:16:07,skip
U0091,T0197,5,2024-10-13 15:16:07,like
U0091,T0176,3,2025-01-05 15:16:07,skip
U0091,T0102,5,2025-03-06 15:16:07,stream
U0091,T0214,4,2024-11-25 15:16:07,download
U0091,T0085,3,2025-01-06 15:16:07,review
U0091,T0235,5,2025-02-10 15:16:07,stream
U0092,T0035,4,2025-02-12 15:16:07,add_to_playlist
U0092,T0161,4,2025-02-06 15:16:07,skip
U0092,T0119,4,2025-01-25 15:16:07,stream
U0092,T0214,4,2025-02-22 15:16:07,share
U0092,T0145,3,2025-04-03 15:16:07,skip
U0092,T0143,4,2025-02-26 15:16:07,stream
U0092,T0054,5,2025-03-08 15:16:07,skip
U0092,T0205,3,2025-01-10 15:16:07,like
U0092,T0249,5,2024-11-19 15:16:07,share
U0092,T0216,3,2024-10-19 15:16:07,skip
U0092,T0097,5,2025-03-21 15:16:07,add_to_playlist
U0092,T0147,2,2025-03-16 15:16:07,complete_listen
U0092,T0048,5,2025-03-13 15:16:07,like
U0092,T0222,4,2024-12-29 15:16:07,skip
U0092,T0182,3,2024-10-20 15:16:07,share
U0092,T0106,2,2024-11-03 15:16:07,review
U0092,T0225,3,2024-12-11 15:16:07,skip
U0092,T0116,4,2024-12-28 15:16:07,download
U0092,T0135,3,2024-12-28 15:16:07,add_to_playlist
U0092,T0029,5,2025-01-15 15:16:07,stream
U0093,T0234,4,2024-11-04 15:16:07,review
U0093,T0130,3,2024-10-18 15:16:07,review
U0093,T0232,4,2025-02-17 15:16:07,add_to_playlist
U0093,T0049,5,2025-01-07 15:16:07,review
U0093,T0188,3,2025-02-23 15:16:07,share
U0093,T0199,3,2025-01-03 15:16:07,add_to_playlist
U0093,T0197,1,2024-11-06 15:16:07,add_to_playlist
U0093,T0053,5,2024-10-21 15:16:07,review
U0093,T0100,5,2025-02-22 15:16:07,like
U0093,T0002,4,2024-12-30 15:16:07,stream
U0093,T0176,5,2025-03-13 15:16:07,like
U0093,T0086,5,2025-02-08 15:16:07,stream
U0093,T0027,4,2025-02-22 15:16:07,share
U0094,T0148,5,2024-12-30 15:16:07,download
U0094,T0083,3,2024-12-02 15:16:07,download
U0094,T0074,2,2024-12-21 15:16:07,skip
U0094,T0198,3,2025-02-01 15:16:07,like
U0094,T0070,2,2024-11-19 15:16:07,add_to_playlist
U0094,T0071,4,2024-11-10 15:16:07,stream
U0094,T0246,5,2025-03-20 15:16:07,like
U0094,T0053,1,2025-02-27 15:16:07,skip
U0094,T0141,2,2025-01-01 15:16:07,share
U0094,T0037,4,2025-04-10 15:16:07,share
U0095,T0063,5,2024-11-24 15:16:07,like
U0095,T0080,3,2025-03-17 15:16:07,skip
U0095,T0139,4,2025-02-02 15:16:07,stream
U0095,T0034,1,2024-10-19 15:16:07,review
U0095,T0232,2,2025-04-02 15:16:07,stream
U0095,T0028,5,2025-01-18 15:16:07,stream
U0095,T0023,5,2025-01-29 15:16:07,complete_listen
U0095,T0046,1,2025-04-10 15:16:07,review
U0095,T0158,5,2025-01-11 15:16:07,share
U0095,T0086,4,2024-12-01 15:16:07,like
U0095,T0237,5,2025-02-08 15:16:07,add_to_playlist
U0095,T0024,4,2025-04-08 15:16:07,review
U0095,T0025,4,2025-02-05 15:16:07,share
U0095,T0176,4,2025-03-25 15:16:07,review
U0095,T0121,5,2024-12-10 15:16:07,download
U0095,T0037,2,2025-03-18 15:16:07,share
U0095,T0234,1,2025-01-13 15:16:07,complete_listen
U0095,T0047,3,2025-04-09 15:16:07,skip
U0095,T0202,5,2025-01-03 15:16:07,review
U0096,T0008,3,2024-10-28 15:16:07,review
U0096,T0029,5,2025-01-09 15:16:07,review
U0096,T0119,5,2024-11-24 15:16:07,share
U0096,T0197,2,2025-01-09 15:16:07,add_to_playlist
U0096,T0131,5,2024-11-07 15:16:07,complete_listen
U0096,T0210,4,2024-11-08 15:16:07,skip
U0096,T0143,5,2025-03-27 15:16:07,like
U0096,T0203,3,2024-12-28 15:16:07,review
U0096,T0103,5,2025-03-12 15:16:07,complete_listen
U0096,T0062,5,2025-03-19 15:16:07,download
U0096,T0141,5,2024-11-21 15:16:07,review
U0096,T0099,5,2024-10-28 15:16:07,skip
U0096,T0054,4,2025-04-07 15:16:07,complete_listen
U0096,T0201,4,2025-01-31 15:16:07,skip
U0096,T0140,5,2025-04-07 15:16:07,download
U0096,T0045,4,2025-03-30 15:16:07,like
U0096,T0190,1,2025-03-07 15:16:07,review
U0097,T0152,5,2025-03-13 15:16:07,review
U0097,T0084,5,2025-03-03 15:16:07,like
U0097,T0211,5,2025-02-02 15:16:07,add_to_playlist
U0097,T0079,3,2025-01-23 15:16:07,like
U0097,T0154,5,2024-11-08 15:16:07,complete_listen
U0097,T0084,4,2025-02-15 15:16:07,stream
U0097,T0024,5,2024-12-06 15:16:07,add_to_playlist
U0097,T0228,2,2025-03-09 15:16:07,stream
U0097,T0194,5,2024-11-18 15:16:07,add_to_playlist
U0097,T0116,5,2025-02-25 15:16:07,share
U0097,T0100,1,2025-03-18 15:16:07,review
U0098,T0053,5,2025-04-04 15:16:07,skip
U0098,T0077,4,2025-03-06 15:16:07,share
U0098,T0236,5,2025-01-31 15:16:07,skip
U0098,T0023,5,2025-03-10 15:16:07,stream
U0098,T0157,4,2025-02-19 15:16:07,complete_listen
U0098,T0217,5,2024-11-13 15:16:07,share
U0098,T0016,5,2025-01-14 15:16:07,stream
U0098,T0001,4,2025-04-10 15:16:07,skip
U0098,T0029,3,2024-12-23 15:16:07,stream
U0098,T0061,5,2025-01-30 15:16:07,complete_listen
U0098,T0161,5,2025-01-01 15:16:07,complete_listen
U0098,T0104,5,2025-01-17 15:16:07,complete_listen
U0098,T0140,5,2024-12-05 15:16:07,add_to_playlist
U0099,T0036,4,2024-11-29 15:16:07,complete_listen
U0099,T0216,5,2025-01-12 15:16:07,complete_listen
U0099,T0040,2,2024-12-24 15:16:07,add_to_playlist
U0099,T0035,4,2024-10-14 15:16:07,like
U0099,T0166,1,2024-10-16 15:16:07,add_to_playlist
U0099,T0185,3,2025-02-13 15:16:07,complete_listen
U0099,T0035,4,2024-11-02 15:16:07,add_to_playlist
U0099,T0165,4,2025-01-26 15:16:07,review
U0099,T0229,5,2025-04-08 15:16:07,complete_listen
U0099,T0160,4,2024-11-27 15:16:07,review
U0099,T0131,4,2025-01-28 15:16:07,review
U0099,T0099,3,2025-01-10 15:16:07,download
U0099,T0048,4,2025-01-28 15:16:07,stream
U0099,T0148,3,2025-02-16 15:16:07,download
U0099,T0183,2,2025-02-17 15:16:07,share
U0099,T0106,4,2025-02-28 15:16:07,skip
U0099,T0009,5,2024-10-21 15:16:07,review
U0100,T0029,4,2025-03-09 15:16:07,review
U0100,T0247,4,2025-04-06 15:16:07,like
U0100,T0037,4,2025-02-23 15:16:07,share
U0100,T0120,5,2025-02-21 15:16:07,like
U0100,T0134,4,2025-03-17 15:16:07,like
U0100,T0063,4,2025-02-09 15:16:07,like
U0100,T0176,1,2025-03-23 15:16:07,share
U0100,T0157,3,2024-10-25 15:16:07,skip
U0100,T0137,4,2024-10-14 15:16:07,review
U0100,T0117,4,2025-02-20 15:16:07,review
U0100,T0147,4,2025-01-04 15:16:07,complete_listen
U0100,T0091,4,2024-12-26 15:16:07,share
U0100,T0043,4,2024-10-21 15:16:07,share
U0100,T0187,5,2025-03-05 15:16:07,share
U0100,T0016,5,2025-03-22 15:16:07,review
U0101,T0044,5,2025-03-07 15:16:07,stream
U0101,T0169,5,2024-12-25 15:16:07,stream
U0101,T0074,1,2025-02-13 15:16:07,like
U0101,T0033,3,2025-02-18 15:16:07,like
U0101,T0218,1,2024-12-22 15:16:07,share
U0101,T0034,4,2025-03-18 15:16:07,share
U0101,T0071,5,2024-12-16 15:16:07,stream
U0101,T0190,3,2024-11-09 15:16:07,add_to_playlist
U0101,T0233,5,2025-03-12 15:16:07,add_to_playlist
U0101,T0169,2,2025-02-03 15:16:07,skip
U0101,T0207,5,2024-11-25 15:16:07,share
U0101,T0201,4,2025-04-09 15:16:07,download
U0101,T0125,2,2024-11-27 15:16:07,stream
U0101,T0088,4,2024-11-02 15:16:07,add_to_playlist
U0101,T0153,3,2024-11-20 15:16:07,review
U0101,T0193,3,2025-01-25 15:16:07,complete_listen
U0101,T0061,3,2025-03-30 15:16:07,review
U0101,T0186,5,2025-03-24 15:16:07,add_to_playlist
U0101,T0054,4,2025-03-08 15:16:07,skip
U0102,T0165,3,2024-12-18 15:16:07,like
U0102,T0014,4,2024-11-23 15:16:07,review
U0102,T0103,5,2025-02-10 15:16:07,share
U0102,T0122,3,2025-02-25 15:16:07,download
U0102,T0098,4,2025-04-04 15:16:07,complete_listen
U0102,T0122,2,2024-12-18 15:16:07,add_to_playlist
U0102,T0136,3,2025-01-31 15:16:07,stream
U0102,T0074,5,2025-02-03 15:16:07,complete_listen
U0102,T0174,3,2024-12-31 15:16:07,stream
U0102,T0025,4,2025-02-25 15:16:07,skip
U0103,T0157,5,2025-03-27 15:16:07,share
U0103,T0086,2,2024-12-20 15:16:07,share
U0103,T0206,4,2024-11-06 15:16:07,share
U0103,T0168,3,2025-03-10 15:16:07,complete_listen
U0103,T0119,5,2025-04-02 15:16:07,download
U0103,T0188,4,2025-04-02 15:16:07,download
U0103,T0134,5,2025-01-06 15:16:07,add_to_playlist
U0103,T0081,4,2025-03-01 15:16:07,stream
U0103,T0173,1,2024-10-14 15:16:07,like
U0103,T0004,4,2025-01-25 15:16:07,like
U0103,T0135,5,2024-11-07 15:16:07,review
U0103,T0090,4,2024-12-07 15:16:07,share
U0103,T0065,5,2024-11-30 15:16:07,stream
U0103,T0007,5,2025-03-19 15:16:07,like
U0103,T0015,3,2025-03-13 15:16:07,download
U0103,T0244,3,2025-03-14 15:16:07,like
U0104,T0023,4,2025-03-15 15:16:07,add_to_playlist
U0104,T0097,4,2025-03-29 15:16:07,add_to_playlist
U0104,T0230,5,2024-11-09 15:16:07,add_to_playlist
U0104,T0065,5,2024-12-26 15:16:07,review
U0104,T0170,4,2024-10-31 15:16:07,review
U0104,T0237,3,2024-12-21 15:16:07,complete_listen
U0104,T0178,5,2025-03-31 15:16:07,skip
U0104,T0066,3,2024-11-22 15:16:07,like
U0104,T0071,5,2024-10-27 15:16:07,complete_listen
U0104,T0100,4,2025-01-05 15:16:07,stream
U0104,T0067,5,2024-12-18 15:16:07,add_to_playlist
U0105,T0018,2,2025-02-14 15:16:07,download
U0105,T0157,4,2025-01-20 15:16:07,add_to_playlist
U0105,T0166,4,2025-02-14 15:16:07,like
U0105,T0037,4,2025-02-27 15:16:07,complete_listen
U0105,T0056,3,2025-03-18 15:16:07,like
U0105,T0234,5,2025-02-02 15:16:07,share
U0105,T0027,5,2024-10-20 15:16:07,like
U0105,T0019,3,2025-03-07 15:16:07,share
U0105,T0199,2,2025-02-03 15:16:07,stream
U0105,T0230,1,2025-02-16 15:16:07,add_to_playlist
U0105,T0168,4,2025-03-24 15:16:07,stream
U0105,T0239,4,2024-10-21 15:16:07,complete_listen
U0105,T0069,4,2024-11-19 15:16:07,skip
U0105,T0232,3,2025-01-20 15:16:07,stream
U0105,T0132,4,2025-02-14 15:16:07,review
U0105,T0112,4,2025-01-23 15:16:07,like
U0105,T0139,4,2024-12-08 15:16:07,stream
U0106,T0245,5,2025-04-06 15:16:07,review
U0106,T0032,2,2025-03-06 15:16:07,skip
U0106,T0086,5,2025-04-04 15:16:07,share
U0106,T0103,4,2024-10-26 15:16:07,like
U0106,T0094,4,2025-02-25 15:16:07,skip
U0106,T0021,5,2025-02-06 15:16:07,share
U0106,T0166,5,2024-12-02 15:16:07,add_to_playlist
U0106,T0142,5,2024-10-22 15:16:07,complete_listen
U0106,T0170,2,2024-11-29 15:16:07,share
U0106,T0179,2,2025-01-19 15:16:07,like
U0106,T0162,5,2025-04-06 15:16:07,skip
U0106,T0125,4,2024-11-02 15:16:07,review
U0106,T0189,3,2024-11-29 15:16:07,add_to_playlist
U0106,T0010,2,2024-11-30 15:16:07,stream
U0106,T0185,2,2025-03-12 15:16:07,download
U0106,T0126,5,2025-01-19 15:16:07,like
U0107,T0165,3,2024-12-29 15:16:07,review
U0107,T0137,3,2025-02-04 15:16:07,stream
U0107,T0010,3,2025-01-06 15:16:07,stream
U0107,T0087,4,2024-10-22 15:16:07,complete_listen
U0107,T0031,2,2024-12-05 15:16:07,review
U0107,T0241,4,2025-04-03 15:16:07,add_to_playlist
U0107,T0190,2,2025-03-09 15:16:07,download
U0107,T0237,5,2024-10-30 15:16:07,stream
U0107,T0189,3,2024-11-17 15:16:07,review
U0107,T0168,4,2024-10-16 15:16:07,review
U0107,T0233,5,2025-03-19 15:16:07,stream
U0107,T0063,5,2025-04-09 15:16:07,add_to_playlist
U0107,T0004,4,2024-11-25 15:16:07,stream
U0107,T0232,3,2024-12-29 15:16:07,like
U0107,T0117,3,2025-03-17 15:16:07,add_to_playlist
U0107,T0214,5,2025-03-12 15:16:07,like
U0107,T0210,5,2024-11-08 15:16:07,like
U0107,T0128,5,2025-03-13 15:16:07,download
U0108,T0206,4,2024-12-02 15:16:07,complete_listen
U0108,T0087,5,2025-04-03 15:16:07,complete_listen
U0108,T0084,4,2024-11-11 15:16:07,add_to_playlist
U0108,T0083,2,2024-12-05 15:16:07,stream
U0108,T0152,4,2024-11-25 15:16:07,skip
U0108,T0017,5,2024-11-11 15:16:07,share
U0108,T0037,3,2025-01-26 15:16:07,add_to_playlist
U0108,T0179,5,2025-01-14 15:16:07,add_to_playlist
U0108,T0113,3,2024-12-13 15:16:07,stream
U0108,T0035,4,2024-11-06 15:16:07,complete_listen
U0108,T0200,2,2024-11-21 15:16:07,stream
U0109,T0021,4,2024-10-13 15:16:07,stream
U0109,T0046,5,2024-11-03 15:16:07,share
U0109,T0107,3,2025-04-07 15:16:07,review
U0109,T0178,5,2024-11-13 15:16:07,download
U0109,T0037,5,2025-03-24 15:16:07,share
U0109,T0134,5,2025-02-04 15:16:07,complete_listen
U0109,T0062,3,2024-11-25 15:16:07,stream
U0109,T0153,4,2024-11-27 15:16:07,review
U0109,T0157,3,2024-11-03 15:16:07,share
U0109,T0090,5,2025-01-27 15:16:07,stream
U0109,T0143,5,2024-12-11 15:16:07,download
U0109,T0031,4,2025-02-24 15:16:07,like
U0109,T0159,5,2025-01-12 15:16:07,download
U0109,T0119,4,2025-03-21 15:16:07,download
U0109,T0071,4,2024-10-25 15:16:07,download
U0109,T0029,2,2024-11-19 15:16:07,review
U0109,T0128,5,2024-11-26 15:16:07,add_to_playlist
U0110,T0237,2,2024-10-23 15:16:07,stream
U0110,T0166,5,2025-01-13 15:16:07,share
U0110,T0054,5,2025-01-31 15:16:07,share
U0110,T0086,5,2025-03-18 15:16:07,review
U0110,T0012,1,2024-11-07 15:16:07,stream
U0110,T0237,3,2025-02-26 15:16:07,add_to_playlist
U0110,T0041,3,2024-10-19 15:16:07,review
U0110,T0132,4,2024-11-10 15:16:07,like
U0110,T0230,2,2024-12-11 15:16:07,review
U0110,T0152,5,2025-03-09 15:16:07,skip
U0110,T0108,4,2024-12-01 15:16:07,skip
U0110,T0059,3,2024-11-09 15:16:07,skip
U0110,T0059,4,2024-11-06 15:16:07,download
U0110,T0189,4,2025-01-25 15:16:07,download
U0110,T0097,4,2024-12-07 15:16:07,like
U0110,T0121,4,2025-03-10 15:16:07,review
U0110,T0014,5,2025-01-31 15:16:07,add_to_playlist
U0110,T0056,4,2025-03-17 15:16:07,review
U0110,T0046,5,2025-01-19 15:16:07,skip
U0110,T0035,5,2025-02-06 15:16:07,download
U0111,T0092,3,2024-12-20 15:16:07,download
U0111,T0086,5,2024-11-13 15:16:07,stream
U0111,T0178,2,2025-03-06 15:16:07,stream
U0111,T0072,5,2024-11-15 15:16:07,like
U0111,T0219,4,2025-02-08 15:16:07,review
U0111,T0108,5,2024-11-24 15:16:07,skip
U0111,T0057,5,2024-12-26 15:16:07,add_to_playlist
U0111,T0203,5,2025-03-24 15:16:07,add_to_playlist
U0111,T0148,5,2025-03-02 15:16:07,download
U0111,T0023,3,2025-01-25 15:16:07,review
U0111,T0221,2,2024-12-06 15:16:07,review
U0111,T0215,4,2025-02-07 15:16:07,share
U0111,T0004,3,2025-01-29 15:16:07,download
U0111,T0064,5,2025-01-03 15:16:07,complete_listen
U0111,T0149,3,2024-12-07 15:16:07,add_to_playlist
U0111,T0234,5,2025-03-07 15:16:07,stream
U0111,T0107,4,2024-10-23 15:16:07,stream
U0111,T0121,5,2025-02-18 15:16:07,stream
U0111,T0109,2,2025-02-24 15:16:07,complete_listen
U0111,T0123,5,2025-04-08 15:16:07,like
U0112,T0127,5,2024-12-12 15:16:07,like
U0112,T0143,4,2024-10-15 15:16:07,complete_listen
U0112,T0244,4,2024-12-06 15:16:07,add_to_playlist
U0112,T0092,5,2024-12-26 15:16:07,download
U0112,T0166,3,2024-11-04 15:16:07,stream
U0112,T0123,4,2025-04-01 15:16:07,share
U0112,T0042,4,2025-04-10 15:16:07,review
U0112,T0220,2,2025-03-07 15:16:07,stream
U0112,T0117,4,2025-02-07 15:16:07,add_to_playlist
U0112,T0224,2,2025-04-10 15:16:07,complete_listen
U0112,T0048,1,2025-01-14 15:16:07,review
U0112,T0181,2,2025-03-23 15:16:07,stream
U0112,T0221,5,2025-03-21 15:16:07,like
U0112,T0099,4,2025-04-06 15:16:07,skip
U0112,T0136,5,2024-10-20 15:16:07,share
U0112,T0110,4,2024-12-20 15:16:07,download
U0112,T0202,3,2025-04-05 15:16:07,like
U0113,T0226,4,2025-01-05 15:16:07,stream
U0113,T0132,4,2025-04-02 15:16:07,skip
U0113,T0228,2,2024-10-25 15:16:07,like
U0113,T0099,4,2025-01-13 15:16:07,review
U0113,T0159,3,2024-10-22 15:16:07,skip
U0113,T0094,4,2024-11-25 15:16:07,like
U0113,T0144,5,2024-12-03 15:16:07,add_to_playlist
U0113,T0086,3,2024-12-12 15:16:07,like
U0113,T0167,2,2025-02-11 15:16:07,download
U0113,T0193,5,2024-12-08 15:16:07,skip
U0113,T0091,4,2024-12-19 15:16:07,complete_listen
U0113,T0071,2,2024-10-25 15:16:07,like
U0113,T0096,5,2025-01-08 15:16:07,review
U0113,T0125,2,2025-02-17 15:16:07,like
U0113,T0121,5,2025-02-25 15:16:07,share
U0113,T0116,5,2025-03-19 15:16:07,skip
U0113,T0205,3,2025-04-02 15:16:07,like
U0113,T0049,2,2025-02-06 15:16:07,like
U0113,T0021,2,2025-01-20 15:16:07,add_to_playlist
U0114,T0246,3,2024-10-31 15:16:07,like
U0114,T0043,2,2024-12-21 15:16:07,like
U0114,T0179,5,2024-11-18 15:16:07,review
U0114,T0039,2,2024-12-03 15:16:07,stream
U0114,T0076,4,2025-01-26 15:16:07,add_to_playlist
U0114,T0122,5,2025-01-08 15:16:07,complete_listen
U0114,T0114,5,2025-03-26 15:16:07,stream
U0114,T0075,4,2024-11-29 15:16:07,like
U0114,T0006,3,2024-12-10 15:16:07,skip
U0114,T0106,4,2025-03-09 15:16:07,skip
U0114,T0168,4,2025-03-26 15:16:07,skip
U0114,T0125,4,2025-03-12 15:16:07,review
U0114,T0118,2,2024-12-28 15:16:07,add_to_playlist
U0114,T0230,5,2024-12-29 15:16:07,add_to_playlist
U0115,T0059,4,2025-02-12 15:16:07,skip
U0115,T0249,3,2024-12-24 15:16:07,stream
U0115,T0038,4,2025-01-10 15:16:07,share
U0115,T0117,4,2024-11-23 15:16:07,add_to_playlist
U0115,T0183,5,2025-02-26 15:16:07,share
U0115,T0047,5,2024-11-25 15:16:07,add_to_playlist
U0115,T0042,5,2024-12-11 15:16:07,like
U0115,T0011,1,2025-01-01 15:16:07,add_to_playlist
U0115,T0113,4,2024-12-17 15:16:07,skip
U0115,T0048,4,2024-12-03 15:16:07,stream
U0115,T0171,1,2025-01-01 15:16:07,skip
U0115,T0038,3,2025-01-15 15:16:07,review
U0115,T0139,5,2024-11-22 15:16:07,share
U0115,T0032,2,2024-10-18 15:16:07,complete_listen
U0116,T0197,4,2024-11-18 15:16:07,review
U0116,T0238,3,2025-01-01 15:16:07,add_to_playlist
U0116,T0002,1,2025-02-28 15:16:07,skip
U0116,T0166,3,2025-04-10 15:16:07,share
U0116,T0122,5,2024-12-25 15:16:07,add_to_playlist
U0116,T0205,5,2025-03-05 15:16:07,review
U0116,T0087,5,2025-04-06 15:16:07,like
U0116,T0188,4,2025-02-11 15:16:07,stream
U0116,T0036,2,2025-04-03 15:16:07,like
U0116,T0079,4,2024-10-18 15:16:07,complete_listen
U0116,T0159,4,2024-12-07 15:16:07,review
U0116,T0092,5,2024-11-04 15:16:07,skip
U0116,T0015,2,2025-03-16 15:16:07,download
U0116,T0150,4,2025-02-23 15:16:07,download
U0116,T0201,3,2024-12-22 15:16:07,download
U0116,T0006,3,2024-11-02 15:16:07,review
U0116,T0174,5,2025-04-01 15:16:07,like
U0117,T0101,4,2024-11-30 15:16:07,review
U0117,T0082,4,2025-03-15 15:16:07,stream
U0117,T0233,4,2025-03-31 15:16:07,skip
U0117,T0102,4,2024-11-18 15:16:07,complete_listen
U0117,T0095,5,2025-01-18 15:16:07,skip
U0117,T0004,5,2024-12-23 15:16:07,skip
U0117,T0090,5,2024-12-29 15:16:07,review
U0117,T0224,5,2025-03-04 15:16:07,like
U0117,T0056,3,2025-02-02 15:16:07,complete_listen
U0117,T0206,5,2025-02-02 15:16:07,share
U0117,T0042,4,2025-01-28 15:16:07,complete_listen
U0117,T0036,3,2025-03-11 15:16:07,like
U0117,T0037,5,2024-12-04 15:16:07,share
U0117,T0122,1,2025-02-23 15:16:07,skip
U0117,T0017,5,2025-03-12 15:16:07,complete_listen
U0117,T0023,4,2024-10-13 15:16:07,complete_listen
U0117,T0164,4,2024-12-20 15:16:07,complete_listen
U0117,T0045,5,2025-03-03 15:16:07,review
U0118,T0194,5,2024-11-16 15:16:07,download
U0118,T0048,4,2025-01-17 15:16:07,share
U0118,T0142,4,2025-02-14 15:16:07,stream
U0118,T0211,2,2024-12-28 15:16:07,share
U0118,T0127,4,2025-03-04 15:16:07,review
U0118,T0058,3,2024-10-18 15:16:07,stream
U0118,T0040,5,2024-12-18 15:16:07,share
U0118,T0245,4,2025-03-24 15:16:07,review
U0118,T0032,5,2025-03-28 15:16:07,share
U0118,T0107,1,2024-11-26 15:16:07,review
U0118,T0233,2,2025-04-06 15:16:07,download
U0118,T0008,5,2024-11-11 15:16:07,share
U0118,T0127,2,2024-10-29 15:16:07,skip
U0118,T0149,2,2025-02-12 15:16:07,complete_listen
U0118,T0223,1,2024-12-17 15:16:07,review
U0118,T0178,5,2024-11-11 15:16:07,skip
U0118,T0132,5,2025-03-08 15:16:07,stream
U0118,T0217,4,2024-12-17 15:16:07,add_to_playlist
U0118,T0149,3,2024-10-26 15:16:07,add_to_playlist
U0119,T0119,3,2025-04-07 15:16:07,add_to_playlist
U0119,T0092,5,2024-11-22 15:16:07,stream
U0119,T0070,5,2025-01-12 15:16:07,complete_listen
U0119,T0163,3,2025-01-11 15:16:07,stream
U0119,T0075,3,2024-12-25 15:16:07,like
U0119,T0132,2,2024-11-30 15:16:07,add_to_playlist
U0119,T0196,5,2024-11-05 15:16:07,add_to_playlist
U0119,T0140,5,2025-01-02 15:16:07,skip
U0119,T0212,3,2025-04-05 15:16:07,share
U0119,T0070,1,2025-04-05 15:16:07,skip
U0119,T0025,2,2025-02-25 15:16:07,skip
U0119,T0211,5,2024-11-17 15:16:07,stream
U0119,T0036,3,2025-02-21 15:16:07,share
U0119,T0096,5,2025-02-13 15:16:07,complete_listen
U0119,T0088,4,2024-11-22 15:16:07,like
U0120,T0040,4,2025-02-17 15:16:07,download
U0120,T0213,3,2024-11-29 15:16:07,like
U0120,T0107,2,2025-02-06 15:16:07,like
U0120,T0030,4,2024-11-14 15:16:07,stream
U0120,T0123,5,2025-01-09 15:16:07,share
U0120,T0177,4,2025-01-12 15:16:07,add_to_playlist
U0120,T0210,4,2025-02-02 15:16:07,skip
U0120,T0045,1,2024-12-28 15:16:07,stream
U0120,T0191,5,2024-11-11 15:16:07,download
U0120,T0033,5,2025-04-07 15:16:07,add_to_playlist
U0120,T0177,3,2024-12-09 15:16:07,share
U0120,T0033,5,2024-12-04 15:16:07,add_to_playlist
U0120,T0021,4,2025-01-28 15:16:07,like
U0121,T0005,4,2025-02-12 15:16:07,complete_listen
U0121,T0011,5,2024-12-01 15:16:07,like
U0121,T0009,5,2025-03-29 15:16:07,stream
U0121,T0121,5,2024-11-11 15:16:07,share
U0121,T0012,2,2024-10-28 15:16:07,share
U0121,T0171,3,2024-10-14 15:16:07,like
U0121,T0201,5,2024-11-12 15:16:07,download
U0121,T0151,3,2024-12-02 15:16:07,add_to_playlist
U0121,T0172,4,2025-01-09 15:16:07,stream
U0121,T0024,4,2024-11-18 15:16:07,share
U0121,T0243,4,2025-03-09 15:16:07,skip
U0122,T0042,4,2025-02-17 15:16:07,download
U0122,T0130,5,2025-03-06 15:16:07,like
U0122,T0026,3,2025-03-09 15:16:07,stream
U0122,T0136,2,2024-12-06 15:16:07,download
U0122,T0247,3,2024-12-23 15:16:07,add_to_playlist
U0122,T0231,5,2025-02-26 15:16:07,stream
U0122,T0186,4,2024-11-06 15:16:07,download
U0122,T0236,3,2025-02-18 15:16:07,review
U0122,T0094,5,2025-04-08 15:16:07,add_to_playlist
U0122,T0113,5,2025-04-02 15:16:07,like
U0122,T0047,5,2025-01-10 15:16:07,complete_listen
U0122,T0109,5,2024-12-05 15:16:07,download
U0122,T0105,3,2024-11-09 15:16:07,skip
U0122,T0032,5,2025-02-08 15:16:07,like
U0122,T0134,4,2024-11-15 15:16:07,review
U0123,T0181,5,2024-12-24 15:16:07,stream
U0123,T0022,5,2025-01-03 15:16:07,review
U0123,T0030,5,2025-01-18 15:16:07,share
U0123,T0117,5,2025-03-14 15:16:07,share
U0123,T0176,3,2025-02-02 15:16:07,download
U0123,T0142,4,2025-01-24 15:16:07,share
U0123,T0219,5,2025-01-29 15:16:07,download
U0123,T0220,5,2024-10-29 15:16:07,review
U0123,T0241,1,2025-04-03 15:16:07,skip
U0123,T0046,3,2024-10-15 15:16:07,review
U0123,T0173,2,2024-11-07 15:16:07,complete_listen
U0123,T0113,5,2025-02-22 15:16:07,like
U0123,T0031,5,2024-11-17 15:16:07,complete_listen
U0123,T0103,3,2025-04-07 15:16:07,like
U0123,T0190,4,2024-11-24 15:16:07,like
U0124,T0051,5,2025-01-06 15:16:07,download
U0124,T0153,5,2025-01-23 15:16:07,like
U0124,T0060,4,2025-01-28 15:16:07,review
U0124,T0072,4,2025-03-09 15:16:07,share
U0124,T0194,4,2025-03-25 15:16:07,complete_listen
U0124,T0092,3,2025-02-10 15:16:07,complete_listen
U0124,T0125,4,2025-02-19 15:16:07,share
U0124,T0038,5,2025-02-05 15:16:07,like
U0124,T0032,5,2024-12-15 15:16:07,review
U0124,T0128,4,2024-12-10 15:16:07,add_to_playlist
U0124,T0008,5,2024-11-06 15:16:07,stream
U0124,T0213,3,2024-10-29 15:16:07,review
U0124,T0174,4,2024-10-18 15:16:07,add_to_playlist
U0124,T0098,1,2025-03-15 15:16:07,skip
U0124,T0040,3,2024-12-28 15:16:07,like
